687.3,5.3,23.2,15.2,177.7,2.8,41,56,7.6,12.7,18.5,74.3,17.7,20,14.4,4.2,,,
733.5,5.2,24,17.4,81.5,5,47.6,49.4,8.5,26.6,14.8,73.4,18.2,20.1,19.2,4.3,,,
738.7,5.3,25.6,19.6,129,1,51.4,47.9,6.1,12.2,18.7,69.3,15.5,21.7,15.1,5.2,,,
712.2,5.6,23.9,16.2,134.2,3.9,49.3,59.9,10.6,19.4,14.1,73.8,16.8,21.2,16,5.2,,,
751,6,24.7,18,161.2,8.4,47.4,63.7,7.6,16.3,20.7,69.3,18.4,21.4,15.6,5.3,,, 
847.8,5,28.2,21.3,216,6.7,55,57.5,10.5,19.5,19.6,79.2,20.6,26.1,19.6,5.3,,,
746.8,5.8,26.5,16.5,164.6,3.6,45.5,58.3,10.5,14.9,22.5,73.2,20.3,24.7,14.6,5.6,,,
634.4,5.3,20.9,13.6,139.7,2.5,35.7,53.1,7.6,11.2,18.4,71.4,17.4,22.6,10.9,5.9,,,
899.8,5.5,27.6,19.2,193.2,9.6,54.6,71.4,10.8,22.1,26.5,74.7,22.6,22.2,18.8,5.9,,,
723.1,5.3,27.6,19,246.3,2.7,45.1,28.7,4.8,11,25.3,73,16.6,24.5,18.1,6,,,
943.5,6.5,29.3,22.9,168.8,7.8,68.4,62.1,9,21.2,23,76.7,23.3,22.9,24.4,6.2,,,
673.9,5.6,23.7,18,289.4,4.9,35.4,21.6,4.7,14.1,33.5,73.9,17.1,22.9,16.6,6.3,,,
780.8,5.6,23.9,17.7,170.9,9.7,47.2,47,14,26.2,23.3,74.7,19.9,21.4,19.9,6.3,,,
818.2,6.1,30.6,21.4,236.8,2.2,54,38.3,5.2,14.8,27.5,73.7,19.8,25.2,20.9,6.3,,,
821.6,6.7,25.5,17,193.1,5.8,53.7,69.5,10.9,16.9,18.4,73.3,20.8,25.3,17.2,6.4,,,
707.5,6.5,26.7,19.3,203.7,5.5,41.7,27.5,8.2,20,24.5,71,15.9,23.1,18.7,6.6,,,
878.3,5.7,25.8,20.8,200.7,11.3,56,63,10.6,20.1,27.8,76.2,22.5,25.1,20,6.6,,,
747.3,6.6,23.3,17.5,210.6,10.7,39.9,54.1,7.9,13.9,27.3,71.6,21.3,24.2,16.7,6.7,,,
805.7,6.7,26,19.4,219.3,6.4,49.5,60,9.8,16.1,28,72.2,23.4,24.9,16.3,6.8,,,
907.1,5.7,25.4,18,205.5,5.6,57,77.3,9.8,19.7,24.9,77.2,22.6,25.2,21.2,6.9,,,
777.6,6.2,26,16.2,183.9,3.6,51.7,50.4,9.8,14.8,18.5,75.4,21.3,26.5,18.9,7,,,
924.7,6.5,26.4,21.9,153.1,10.1,62.6,56.7,18.6,24.5,25.6,78.3,21.6,24.8,25.7,7,,,
748.2,5.6,24.5,17,181.6,5.6,50.2,45.6,13.3,20.6,25.8,70.3,18.8,24.8,18.4,7.1,,,
868.8,5.6,28.1,22.6,202.1,14.3,54.2,53.4,7.5,21.4,27.8,76.8,22,23,21.4,7.1,,,
896.6,6.3,29,21.1,238.6,7.3,57.1,49.6,10.4,18.8,24.6,77.3,23.6,26,23.9,7.5,,,
916.2,6.9,26.2,20.4,241.3,8.1,51.9,60.7,10.3,12.5,28.6,77.2,25.7,26.4,17.8,7.8,,,
694.4,5.5,21.5,16.2,161.3,5.1,47.7,36.9,12.5,28.1,23.4,69.9,18.3,27.8,20.1,7.8,,,
761.6,5.4,22.3,19.2,216.2,9,35.8,40.1,9.1,16.1,34.6,79,19,24.2,17.6,8.1,,,
876.8,6.3,28.8,20.7,197.5,7.8,59.9,53.1,10.8,25.3,23.1,73.6,20.9,26.9,23.8,8.4,,,
1046.6,7.3,34.7,26.6,204.3,20.6,68.6,62.5,10.7,33.9,28.4,74.5,26.4,30.4,28,8.4,,,
765.3,6.2,26.7,20.6,294.8,9.7,36.3,23.4,4.6,17.7,34.6,73.5,23,23.6,18.7,8.8,,,
849.8,6.1,24.3,18,198.5,7.8,42.7,61.9,10.3,22.7,26.1,77.9,30.6,25.5,19.5,9.1,,,
884.6,7.4,27.2,22.3,296.3,12.6,42.4,31.2,5.8,21.1,35.5,73.8,24.4,24.5,19.6,9.2,,,
1004.1,7.1,30.1,21.7,265.8,21.8,65,54.2,10.3,20.4,27.9,78.4,29.2,30.3,26.3,9.8,,,
633.3,3.8,24.9,16,92.5,1.7,37.2,46.3,7.3,15.7,14.6,71.5,15.1,19.4,14.7,3.6,,,
763.8,5.2,23.2,17.4,128.4,2.4,37.8,45.5,16.1,20,13.9,74.9,14.2,20.8,20,4.1,,,
641.6,5.5,23.4,17.4,129.1,3.4,42.4,57.2,7.1,12.4,18.8,71,14.4,21.6,16.8,4.2,,,
787,3.9,21,15.3,145.2,3.3,51,72.2,9.3,19,18.1,77.4,19.4,19.9,17.7,4.9,,,
741,5.4,24.2,20.1,123.5,0.7,53.8,41,6,11.4,18.6,70.1,15.4,23.8,15.9,5,,,
705.3,5.2,27.5,17.9,153.1,2.9,42.5,43.9,6.3,19,20.6,70.3,16.3,24,16.4,5.1,,,
597.2,4.8,22.2,13.1,122.8,3.1,31.4,41,5.6,9,18,66.8,15.3,22.4,11.9,5.2,,,
806.3,6,23.3,13.7,100.7,3.5,26.2,54,15.9,20.9,17.3,78.6,20.1,20.2,13.6,5.2,,,
721.6,5,28.7,18.6,144.1,1.5,46.8,55.2,7.3,14.7,21.7,71.5,17.4,19.5,18.9,5.2,,,
785.1,5,27.6,18.4,160.5,2.8,52.5,60,7.6,16.5,20.9,74.9,20.8,22.1,19.6,5.3,,,
737.8,6,27.1,17.2,152.5,7.4,46.6,61.5,9.4,14.6,21,72.8,21.6,23.7,14.2,5.4,,,
837.6,5.1,23.6,16.3,115.6,4.1,51.7,57.6,9.6,21.8,22.7,76.3,19.2,20.2,19.8,5.5,,,
832.2,5.5,31,24.3,184.7,1.7,58.1,45.9,7.5,17.2,22.1,72.5,17.1,25.2,20.3,5.5,,,
806.5,6.3,23.6,17,161.1,2.3,55.6,66.7,12.3,23.9,17.1,78.8,22.2,23,21.7,5.5,,,
691.3,5.3,27.8,20.3,162.5,1.6,42.3,39.4,6.2,14.3,23,71.8,16.2,26.4,16.6,5.6,,,
827.5,5.1,24.9,15.5,122.6,5.2,49.4,55.1,9.2,29.6,17.2,73.9,19.5,23.6,16.5,5.8,,,
785.2,5.6,25,21.8,141.9,2.1,56.5,49,6.4,12.9,23.9,70.2,18.7,23.8,18.7,6.1,,,
817.7,5,30.4,20.1,139.6,1.2,49.6,60.1,10.4,21.5,21.3,71.9,18.4,24.7,18.2,6.3,,,
753.4,5.5,25.1,18.1,147,5,48.1,43,7.6,23.1,21.1,70.6,19.2,25.2,18.3,6.3,,,
826.9,6.3,25.8,20,140.4,2,53.7,52.5,6.8,11.8,23.8,71.5,21.9,24.4,21,6.3,,,
757.1,5.2,27.7,18.9,131.3,2.5,48.2,57.1,8.6,19.7,17.2,73,17.1,26.4,19,6.4,,,
862.3,6.1,28,22.3,180.5,6.7,64.8,61.4,8.9,11.4,23.4,72,20.8,26.2,22.2,6.5,,,
780.8,6.1,25.1,17.4,162.5,2.8,47.3,51.6,8.5,21.7,19.1,78.6,21.5,23.9,21.8,6.6,,,
695.6,5.5,25.7,18.7,191.5,3.3,41.7,37.2,4.8,13.4,22.7,67.3,15.2,22.7,13.9,6.7,,,
628.9,4.1,17.2,17.1,98.3,2.3,33.4,54.5,9.5,19.7,19,77.1,17.8,23.9,18,6.9,,,
712.8,6.2,23.5,16.5,158.6,4,42.4,52.1,9.1,17,21.5,72.9,19.5,27.7,16.1,7,,,
841.1,6.8,26.6,18.6,179.5,2.7,52.6,48.9,6,13.2,26.6,76.4,23.2,27.7,24,7,,,
845.6,6.2,27.2,23.7,169.5,5.5,58.5,60.7,8.9,22,24.5,76.1,24.5,28.5,24,7,,,
740.4,5.4,28.2,20,179,2.3,46.1,36.6,6.1,15.1,25.1,75.6,19.1,24.2,17.1,7.1,,,
831.4,6.9,28.2,19.5,215.2,2.3,56.3,51.6,10.1,12.2,23.3,79.9,23.3,26.4,24.7,7.1,,,
765,6,26.2,17.6,144.3,3.1,51,46.2,7.6,22.5,25.4,70.5,21,25.4,20.1,7.3,,,
927.3,5.3,31.3,24.2,217.8,18,54.5,56,7.6,13.2,24.6,72.1,25.5,26.2,17.8,8.3,,,
723.6,5.8,22.8,17.4,160.6,7.7,41.6,60.3,11,22.6,21.8,69.3,10.5,20.8,17.8,3.7,,,
942.8,5.4,29.3,20.6,152.2,15.8,52.2,56.4,8.7,26.9,21,74,21.3,22.5,16.8,5,,,
802.8,5.3,27,18.8,121.6,12,43.4,57.2,9.7,21.8,22.7,72.8,21.7,22.4,16.4,5.3,,,
848.6,4.9,26.9,18.8,133.9,9,48.8,64.8,10.4,18.5,22.2,77.5,20.4,24,18.6,5.3,,,
814.8,6,22.3,16,137.6,8.9,35.6,48.6,19.3,45,18.9,78.1,17.5,20.2,21,5.4,,,
861.1,5.9,29.1,24,139.8,7.7,59.9,44.5,5.7,14.3,26.4,72.8,17.8,20.6,19.8,5.6,,,
790.8,5.2,23.6,18.4,149.3,3.6,45.3,58.7,12.9,23.5,19.2,73.1,18.7,16.3,19.6,5.8,,,
894.4,6.5,27.6,19.1,131.4,4,60.2,76.8,13.4,29,16.1,72.6,19.4,21.2,20.9,6,,,
807.2,6.1,27.6,21,204.1,5.4,46.4,39.7,4.8,19.6,33.7,75.9,21.2,24.2,20.3,6.3,,,
874.1,6.5,25.9,16.1,211.1,8.7,57.8,73.8,10,19.7,27.6,67.5,25,28.8,16.9,6.4,,,
913.4,6.8,27.3,20.3,187.3,13.3,57,58.7,11.4,33.8,23.1,77.5,21.8,24.2,25.7,6.4,,,
992.8,6.1,28.8,23.2,196.8,12.1,67.2,66.6,14.5,27.3,24.2,77.6,24.4,29.4,21,6.5,,,
809,6,22.7,18.2,146.7,8.6,47.2,48.1,16.2,33,20.9,70.7,19.7,23.8,18.7,6.6,,,
989.8,5.7,32.4,19,241.7,8.7,64.2,62.5,15.8,28.9,27.6,83.7,22.1,26.8,23,6.9,,,
894,6.1,28.5,20.9,158.7,4.2,58.5,61.6,10.1,23.2,24.9,77,21,24.1,28,6.9,,,
816.4,6.5,23.2,21.4,212.5,4,58.9,46,7.5,17.3,28,73.3,20,26.7,22.4,7,,,
921.3,6.3,30,24.2,197.1,8.3,63.2,51,9.9,24.8,28.5,76.6,24.1,26.8,23.3,7,,,
997.4,5.8,30.4,19.5,214.8,7.7,60.1,76.3,14.6,26.3,30.6,83.9,22.8,25.5,24.2,7,,,
660.7,5.6,16.8,11.3,175.3,6.3,25.6,36.7,5.2,11.5,33.6,78,31.1,18.7,15.7,7.1,,,
861.6,5.2,26,19.2,190.3,6.3,55.1,51.6,9.9,17,25.9,78.3,19.5,23.6,19.8,7.2,,,
879.8,6.3,24.9,18,193.6,4.7,62.4,73.5,13.4,25.7,17.7,77.1,23.9,24.7,22.5,7.2,,,
772.7,5.8,25.7,20.2,158.4,7.3,49,53.3,6.2,12.1,23.6,72.6,22.2,26.1,22.2,7.3,,,
836.8,6.4,22.6,15.8,192.4,7.5,43.4,67.1,8.7,20.8,25.8,74.3,27.7,25.1,14.6,7.4,,,
981.9,5.3,30.7,19.4,207.4,11.4,72.2,70,13.7,30.3,27.9,69.6,23.4,27,22.4,7.5,,,
959,6.6,27.4,21.1,172.4,12.9,78.9,57.5,12.4,16.8,26.3,78.4,24.3,25.4,28,7.5,,,
916.1,6.2,30.4,22.3,161.8,9.2,66.9,62.8,9.7,22,23,73.5,22.5,24.7,22.6,7.6,,,
975.1,6.6,28.2,26.3,168.5,7.2,76.4,61.5,12.7,25.5,26.8,81,25.5,26.4,26.7,7.6,,,
1039.4,5.1,31,25.9,252.4,17.1,60.2,79.2,9.9,21.8,32,72.1,27.8,28.6,21.3,7.7,,,
899.8,5.2,31.2,21.4,192.8,14.6,49.8,45.1,5.5,25.8,30.6,70.6,25.2,26.9,17.8,7.8,,,
1024.9,5.4,34.5,23.7,255.7,32.8,55.4,47.3,6,28.4,22.2,68.1,21.3,26.7,20.4,7.8,,,
911.6,6.2,27.8,17.7,168.1,14.6,60.3,57.7,13.3,26.7,24.7,78.9,24.6,25.8,25.8,7.8,,,
927.6,5.8,29.1,20.3,185.9,8.2,65.1,58.7,11.7,40,25,76.6,24.2,25.7,22.5,8,,,
893,6.3,25.2,20.8,213.4,6.2,60.4,58.9,12.6,27.3,25.5,77.1,21.9,22.8,24.1,8,,,
787.3,6.1,26.5,16.8,158.1,3.5,34.2,44.5,7.5,21.7,24.4,77.4,23.6,19.3,18.7,8.1,,,
856.2,6.4,29.4,19.5,202.8,6.5,60.1,54.8,6.6,12.7,23.9,73.7,23.9,26.3,22.7,8.1,,,
823.3,6.7,23.6,17.3,171.7,6.3,58.8,43.3,16.3,26.9,24.2,72,19,28.4,22.5,8.5,,,
972.6,7.5,27,20.5,268.9,7.1,57.8,61.9,11,24.7,30.4,76.3,26.5,27.5,21.4,9,,,
1232.4,6.6,36.9,26.8,254.5,34.7,80.2,67.6,8.2,20.6,28.6,72.9,28,29.5,27.8,9.6,,,
1034.5,6.3,27.2,22,145.6,17,59.6,80.7,11.3,28.8,29,79.1,27.1,31.9,23.4,9.7,,,
748.9,5.7,23.7,16.2,101.4,1.2,15.5,66.1,11.3,18,16.1,79.3,18.5,15.7,6.3,4.7,,,
750.8,5.5,22.2,15.7,92,3.4,54.8,51.2,9.1,22.8,17.6,73.6,21.3,21.2,20.6,4.7,,,
686.2,6.3,21.2,15.1,152.4,2,41.2,54.3,10,20.4,20.4,71.5,17.4,28.5,12.9,5.7,,,
801.8,5.9,28.3,20.1,154.4,5,58.6,52.5,6.3,20,22.5,72.3,22.8,26.4,21.7,6.4,,,
823.5,6.3,24.1,20,157,4.5,55.7,62.1,14.5,35.1,18.4,76.3,21.4,24.3,22.3,6.5,,,
941.9,6.2,25.3,21.4,157.2,4.9,56,52.5,18.5,26.4,25,78.1,22.2,22,24.1,6.6,,,
893.3,5.2,31.1,20.2,142.2,5.2,56.6,58.7,11.3,26,24.6,79.9,24.5,24,22.9,6.8,,,
818.4,6.1,28.8,20.7,187.8,4.7,44.7,46.6,6.6,21.2,31.2,75.3,21,24.8,19.1,6.9,,,
814.7,6.2,23.9,14.9,145.7,3.2,47.1,58.7,9.2,19,21.3,77,23.7,24,23.2,6.9,,,
883.9,5.6,26.3,19.8,132.7,7.3,58.6,71.2,10.2,25.1,21.6,73.9,23,29.1,23.9,7.1,,,
911.1,6.2,25,22.8,188.6,3.6,64.4,59.7,13.6,24.3,24.3,77.8,28,23.6,24.7,7.1,,,
898.9,5.5,25.6,18.2,153.8,8,56.9,62.5,11.6,27.7,21.5,75.5,21.8,25.7,21.1,7.3,,,
933.2,5.6,28,21.9,210.1,5,64.2,50.3,15.8,26.5,23.1,78.3,24.9,22.3,17.1,7.4,,,
843.1,6.2,28.2,22.9,132.7,4.4,56.9,79.9,13.7,18.8,20.9,74.9,25.2,24.4,19.3,7.7,,,
824.9,6.1,30.4,19.9,156.3,2.1,58.3,53.3,9.6,18.9,24.8,78.4,21.5,25,29.4,7.9,,,
864.9,5.6,29.2,18.6,172.4,3.5,55.3,59.5,9,17.5,29.6,77.1,22.8,27.1,24.4,8.1,,,
962.9,6.5,33.2,23.8,192.5,21.5,61.7,55.7,10.8,16.1,29.2,79,28.7,27.5,27.7,8.1,,,
845.7,5.5,27.5,19.5,146.1,8.3,56.5,63.8,10.1,25.5,23.7,74.7,22.1,28.5,21.2,8.2,,,
944.4,5.6,28.8,20.4,201.1,9.1,63.4,67.5,11,20.3,27.3,67.4,25.2,27,22,8.6,,,
796.5,6.3,22.7,17.9,183.1,5,61.2,47.5,17.5,27.7,23.7,76.4,20.3,31.5,27.8,8.8,,,
929.8,5.6,26,17.9,188.3,5.7,63.6,58.8,12.2,29.2,25.6,69.3,22.4,25.7,23.5,9,,,
709.7,5.7,22.5,15.4,168.9,7.6,55.8,36,14.3,33.5,27.4,75.8,18.7,30.9,26.6,9.8,,,
848.9,6.5,26.8,19.7,186.7,2.7,52.4,48.3,11.4,23.1,25.5,75.5,27.5,32.5,23.2,10,,,
933.3,6.5,30,22,235.3,3.9,52.7,46,14,25.3,26.1,76.1,23.7,30.1,28.7,10.1,,,
713.5,6.3,22.6,15.2,144.4,6.1,41.7,59.6,9.3,17.7,30.4,72.2,24.4,20.7,17,4.7,,,
854.2,6,23.9,20.2,136,8.1,46.3,47,14.2,37.7,22.8,76.1,16.2,20.8,21.1,5.2,,,
792,6.8,26.3,16,109.9,2.5,57.1,61.9,16.2,23.3,17.5,75.7,22.5,24.7,20.5,5.9,,,
971.9,5,31,21.7,192.6,13.8,53.7,54.7,10,21,27.7,82.5,22.8,27.2,20.4,6.1,,,
1030.7,7,30.1,20.6,186.8,14.8,65.3,60.9,10.9,26.9,30.8,76.2,26.6,27.2,25.1,6.6,,,
952.5,6.2,24.4,19.9,162.2,14.9,66.3,76.8,12.5,19.7,23.6,76.1,22.3,28.9,21,6.7,,,
1007.4,5.6,30,18,235.4,11.3,62.8,64,13.9,19,24.6,80,23.5,30.7,27.7,7.2,,,
959.1,5.3,32,21.5,177,12.2,69.5,61.5,12.8,30.4,30.5,82.2,24.8,28.1,21.1,7.4,,,
905.2,6.1,33,22.3,188.8,10.5,56.8,51.9,11.2,15.6,27.5,78.1,22.5,25.3,23.1,7.4,,,
960.2,5.3,29.3,18.4,159.3,8.8,63.8,63.1,8.2,23.5,20.1,73.6,22.2,25.5,20.1,7.9,,,
863.4,6.7,26.1,21.7,145.3,4.1,55.3,45.2,7.9,13.7,27.2,72.9,21.7,25.9,22,8.1,,,
837.1,7.1,23.6,19.4,190.8,5.9,67.4,42,18.7,29.3,24.9,76.3,23.1,34.8,23.6,8.1,,,
918.4,5.5,23.5,20.9,149.2,10.1,58,84,10.2,22.8,20.7,74,21,25.2,22,8.3,,,
952.9,6.7,25.3,19.5,177.5,5.6,68.2,83.9,12.5,27.9,27.9,72.7,27,33.3,26.5,8.4,,,
943.9,6,25.5,21.5,244.4,5.3,65.2,58.6,12,19.7,26.6,79.8,25.9,23.4,27.7,8.6,,,
955.6,7,26.2,21.3,220.8,8.8,65.1,76.3,11.3,15.7,25,78.8,26.6,27.8,26.1,8.7,,,
1101.7,5.5,37.5,28.1,174.2,46,64.4,70.1,9.4,20.2,32.1,80,25.6,29.6,21.5,9.1,,,
832.5,6.1,24,19.1,216.6,6.3,61.5,41,13,20,32.9,75.2,27.9,29.2,22.2,9.2,,,
981.7,6.5,27.2,23.5,182.4,12.6,69.6,56.4,9.3,22.8,30.9,81,29.7,31.6,22.7,9.2,,,
851.2,6.8,23,19.6,172,5.2,65.6,54.9,17.2,23.8,27.2,75.3,21.9,31,29.1,9.2,,,
896.4,6.6,25.1,16.7,176.4,7.5,53.7,62.5,10.7,19,28.6,76.8,30.9,28.6,23.8,9.4,,,
878.7,6.8,22.6,16.4,188,7,48.3,66,8.8,23,34.9,73.3,24.9,22.4,18.6,9.7,,,
907.4,7.1,23.7,19.9,246.3,5.3,54.6,60.6,10.6,27.8,28.2,74.6,25.4,24.6,18.7,10,,,
688.2,5.5,16.9,13.4,157.8,3.7,29.1,40.7,6.5,12.7,39.2,80.2,32,23.2,13.9,10.2,,,
1114.9,6.6,28.2,24.8,264.9,26.8,71.9,68.4,13.1,35.6,28.5,78.8,29.7,30.3,27,10.2,,,
878.8,7.1,22.1,19.9,174,4.2,59.5,62.5,14.8,27.9,25.8,78.8,23.7,26.7,17,4.3,,,
897.5,5.2,29.7,19.3,140.1,2.6,55.7,68.9,10.7,25.7,20.6,77.4,16.2,19.6,20.1,4.6,,,
945.2,5.4,19.7,18.6,191.4,5.1,72.1,56.7,9.9,22.6,23.1,68.8,19,20.4,33,5.1,,,
914.2,7,24,18.5,174,4.3,66.6,61.9,19.5,31,12.5,73.1,23.2,27.6,22.9,5.6,,,
851.6,6.2,25.1,17.6,165.1,5,61.4,78.8,11.1,23.4,24,76.7,24.6,36,24.5,6,,,
1032.2,6,31.8,21,190,14.5,74,69.9,12.6,21.2,23,75.1,24.9,26.5,21,6.6,,,
752.9,5,21.6,16.5,130.8,4.5,41.2,76.8,13.5,26.7,20.2,75.9,19.6,23.9,21.1,6.8,,,
961.1,6.3,25.9,16,204.2,5.6,72.3,52.7,15.4,37.6,23.7,76.6,20.5,22.4,24.7,6.9,,,
939.9,5.1,34.8,25.3,168.9,5.3,64,59.2,10.3,27.8,25.6,82.3,21.8,24.4,23.4,7,,,
927,6.5,24.5,23.4,227.2,9.2,64.8,55.9,14.9,19.5,28,75.8,26.4,32.1,20.5,7.1,,,
892,5.9,27.1,18,125.1,3.7,61.3,65.7,16.3,24.8,23.3,73.7,17.5,23.1,22,7.1,,,
1013.5,5.9,30.9,23.5,240.7,7.3,68.4,61.6,13,25.8,32.1,79.4,26.4,27,25.5,7.2,,,
814,6.5,24,19.5,128.8,2.5,58.7,65.9,20.9,25.8,16.5,75,21.5,26.8,21.8,7.4,,,
774.6,6.3,18.5,15,146.3,5.2,44.3,63.7,12,17.8,22.7,80.3,23.9,21.6,20,7.5,,,
970.8,7,23.5,21.5,183.9,7.3,74.9,51,26.2,33.4,27.9,77.6,25,30.6,29.4,7.5,,,
1016.6,6.4,23.1,25.5,195.5,6.4,77.5,84,13.2,30.7,28.8,84.3,26.7,28.9,20.6,7.7,,,
1062.5,6.3,26.7,23.1,148.6,25.9,79.3,70.8,17.1,23.7,37.3,83.1,27.4,26.5,28.2,7.7,,,
889.7,6.4,25.9,18.8,159.4,7.6,61.4,64.1,16.5,28.1,22.3,75.5,25.1,28.6,31.3,7.7,,,
1026.2,6.9,24.7,19.4,161.6,5.2,68.2,70.5,11.9,25,27.1,79,25.3,29.7,23.8,7.9,,,
871.8,5.6,28.2,19.9,213.4,4.5,65.8,51.4,11.5,16.5,27.3,76.4,25.3,20,31,7.9,,,
931.7,6.5,27.7,19.3,185.5,12.8,66,72.2,10.1,21.2,21.5,75.4,26,24.7,28.5,8.5,,,
894.6,6.2,27.2,17.6,203,3.4,59.7,55.2,8.6,26.9,25.4,79.3,24.9,24.6,30.7,8.7,,,
975.8,6.1,32.3,23.8,200.9,7.5,65.2,89.9,13.8,17.9,30.1,83.3,23.7,28.9,29.9,8.8,,,
880.1,7.3,20.8,21.3,113.5,5.9,44,58.7,21.2,27.6,22.7,78.8,22.6,28.8,24.2,9,,,
1032.7,5.9,25.3,25.8,205.6,5.9,67.8,77.3,18.4,26,27.9,77,24.1,28.9,25.2,9.3,,,
988.4,6.1,32.1,21.9,197.7,9.2,66.1,65.6,14.4,26.9,24.9,79,28.6,28.4,27.4,9.3,,,
863.1,7.8,28,20.5,204.8,5.4,69.9,48.7,17.1,26.3,26.1,76.1,23.7,35,25.2,9.4,,,
893.2,6.2,25.2,19.7,183,8.7,60.2,56.2,9.4,19.8,25.7,81.3,31.8,30.2,21.9,9.5,,,
905.4,5.5,25.2,21.1,197.5,6.6,54.2,58.8,15.8,17.8,33.2,78,28.1,27.7,21,9.6,,,
1068.9,6.6,24.9,19.7,187.8,10.9,68,82.6,16.8,43.2,28.1,75.9,26.1,30.4,28.2,9.6,,,
960.2,7.3,27.7,21.1,200.3,3.6,55.4,74.7,10.4,27,22.8,79.5,27,30.8,23,9.9,,,
1091.5,8,27.7,16.2,188.6,10.8,71.7,63.5,15.7,24.6,34.1,81.4,27.1,38.2,31.5,10.2,,,
878.8,7.6,25.3,19.1,193.5,6.4,69.7,48.6,21.3,30.2,29.9,71.5,21.5,26.3,24.3,10.3,,,
1016.4,7.9,22,27.3,195.9,6.8,72.7,59.6,15,29,26.9,77.4,27.5,33.2,25.7,10.3,,,
788.3,6.4,24,18,185.1,10.1,61.1,37.9,14,27.5,25,76.2,23,34.7,28.3,10.4,,,
1074.2,7.3,22.9,21.3,304.9,10.6,79.6,48.8,18.1,36.2,29.5,80.7,26.8,29.3,28.5,10.5,,,
951.4,6.6,24.9,25.3,213,2.7,58,62.5,9.7,32,25.3,80.3,23.2,27.5,28.4,10.6,,,
1100.3,8,26.4,18.4,189.3,8.6,73.5,79.2,13.6,27.4,29.2,81.9,27,33.2,25.5,11.2,,,
873.7,6.7,26.9,17,211.4,6.6,70.9,40.7,18.7,29.6,28.7,71.9,17.6,38.9,21.8,11.6,,,
1031.8,6,25.1,22,212.3,9.1,62.6,69.9,9.3,20.4,32.1,80.3,25,36,30,11.7,,,
1024.7,6.1,35.4,25.9,189.9,13.7,72.1,82,13.4,23.9,31,78,30.7,27.1,22.4,12,,,
992.8,6.7,26.2,22.1,223.6,6.3,63.2,51.8,6.1,26.4,31.9,71.8,24.5,31.1,26.6,12.7,,,
839.3,5.3,24.5,19.4,181.5,3,51.9,71.8,8.8,19.7,20.4,77.1,19.1,25.6,16.1,3.5,,,
867.9,6.5,21.3,17.8,144.3,5.3,43.6,42.7,17.6,33.8,21.6,77.6,22.3,21.7,23.5,5.9,,,
1007.4,5.3,34.6,17.2,105.8,8.1,62.6,58.2,10.2,28,35.7,83.2,25.8,24,25.6,6.5,,,
1071.7,6.1,30.9,23.9,208.8,9,64.7,69.5,11.4,21.4,25.3,78.2,25.1,32.2,22.1,6.7,,,
755.1,6.6,15.7,11.5,173.3,7.9,25.5,52.1,6,18.1,29.9,78.1,23.8,14.1,24.3,6.8,,,
782.1,6.1,22.8,19,161.7,4,35.9,41.5,13,23,27.7,81.1,22.6,19.9,18.3,6.9,,,
895.8,5.9,25.6,24,181.5,7.7,63.9,65.9,9.5,14.9,26,72.9,26.2,29.2,22.2,7.2,,,
991.1,5.4,29.1,24,196.1,18.8,68.5,62.4,10,28.1,31.5,81,27,32.1,21.9,7.7,,,
1077.6,6,28,22.8,210.9,9.8,76.8,76.1,11,23.5,33.2,84.8,24.5,30.5,26.3,7.8,,,
824.3,6.1,24.8,17.1,175.9,5.5,53.2,66.1,12.6,25.4,23.8,79.1,26.2,27,20.1,7.9,,,
1107.4,5.8,34.4,22.7,169.4,35.3,72.6,78.5,11.5,36.5,26,69.6,24.8,26.6,26,8.2,,,
1114.5,7.2,27.6,20.2,202.2,12.7,68.4,65.8,19.7,32.5,30.6,82,17.8,24,26.7,8.3,,,
918.4,5.7,20.8,17.8,177.3,5.9,54.6,57.2,12.8,30.9,26.7,75.6,25.5,32.1,24.7,8.4,,,
962.6,5.9,30.6,30,181.8,7.5,71.9,62.7,10.5,26.3,36.5,89,27.8,28.7,28.4,8.4,,,
974,6,28.9,18.6,171.6,13.7,59.6,56.2,10.2,19.4,28.2,75.6,23.9,27.8,20.7,8.5,,,
898,7.4,21.2,21.9,207.8,4.4,63.6,52.7,12.8,25.3,29.5,79.9,29.8,27.6,26.6,8.5,,,
966.8,5.3,28.7,22.3,185.2,7.4,57,71.6,13.9,22.6,26.1,83.9,25.4,27.6,24.7,8.6,,,
844,6.9,22.8,17.6,174.6,5.8,47.2,45.9,18.3,29.9,22.8,72.7,23.8,26,20.2,9.1,,,
608.9,5.6,19.3,11.5,106.2,3.9,39.1,34.5,7.7,21.9,26.7,73.5,25.7,26.8,16.2,9.2,,,
967.7,5.7,24.8,20.9,145.3,16.4,54.4,57.2,10.3,22.9,26.2,75.6,21.3,26.1,20.9,9.2,,,
920.1,6,24.2,20.1,194.3,19.2,52.1,61.2,9.7,17.4,31.9,81.5,26.1,29.7,21.6,9.2,,,
1129.7,6.4,28,20.1,174.1,9.5,65,72.5,12,22.9,30.6,77.8,27.7,28.7,27.3,9.3,,,
951.6,5.4,23.5,19.7,178.8,9.7,53.9,113.5,8.7,10.6,27.6,75.7,27.5,26.9,24.1,9.7,,,
1034.7,5.9,26,21.2,214,7.2,67.2,84.6,7.6,25.4,30,80.4,27.4,29.8,26.5,9.7,,,
795.2,6.3,21.3,16.8,153.7,8.7,48.7,42.3,17.8,27.3,26.9,73.8,26.7,28.3,21.8,10.6,,,
1072.3,6,26.4,19,178.5,13.1,56.4,77.6,11.7,37.2,29,76.3,23.9,28.8,25,10.6,,,
985.1,6.4,26.8,19.5,209.6,7.8,59.4,67.7,10.7,23.5,35.7,75.3,30.3,35.5,20.5,11.1,,,
1179.6,7.2,31.3,18.6,267.5,19,66.3,87.3,9.7,26.6,43.6,86.8,31.5,29.5,30.2,11.9,,,
914.7,5.9,29.5,19.6,164.5,7.4,50.6,74.6,9.2,21.5,23.8,73.5,25,24.1,16.7,6.6,,,
1114.2,7.8,28.1,22.8,224.4,7.3,74.8,76.5,9.2,27.5,31.1,82.1,28.1,29.6,22.2,6.6,,,
886.3,5.5,25.9,15.7,161.2,5.7,54.9,77.9,7.1,22.8,20.8,77.5,24.9,32.7,22.6,6.8,,,
1205.4,8.3,26.1,29.4,276,15,78.4,69.5,12.5,27.3,42.5,81.6,29.3,33,28.5,7,,,
968.4,6.3,21.4,18.4,216.4,11.5,62.7,69.9,15.5,24.5,34.6,78.6,27.5,22.4,29,7.3,,,
879.5,6.5,25.6,19.2,169.7,3,68.6,66.9,19.5,24.1,20.7,72.6,23,28,27.1,7.4,,,
1122.7,4.9,31.6,27.4,257.6,11.6,67.5,77.1,11.9,29.7,33.1,84.3,28.5,24.7,24,7.8,,,
1114.4,6.4,33.3,25.4,240.3,10.9,81.2,60.1,10.3,23.6,27,78.6,26.5,33.4,24.5,8,,,
1072.4,5.9,39.9,26.5,185.7,4.9,73.1,59.1,11.1,26.1,38.9,87.9,27.8,27.6,26.1,8.2,,,
1053.8,5.6,26.1,22.5,199.7,6.2,73.3,67.8,10.4,39.5,34.1,80.1,30.7,33.5,27.6,8.2,,,
911.7,6,18.2,12.5,140.6,9.7,31,58.8,26.2,47.9,23.7,75.4,25.1,27.1,19.8,8.8,,,
984.8,7,29.7,27.5,182.2,5.2,79.6,54.7,14,28.6,32.3,80.7,24.1,32,30.1,8.9,,,
993.7,6.9,27.7,27.4,241.2,10.6,67.9,53,14.4,25.9,36.1,85.9,28,33.6,26.8,9.2,,,
1037.4,6,30,19.7,227.5,12,63.1,87.3,12.3,17.9,33.8,85.1,34,33.5,20.6,9.3,,,
1013.1,6.6,20.4,15.5,203.8,9.6,69.6,59.7,7.7,30.2,34.2,84.4,29.9,34.7,23,9.4,,,
917.6,6.7,20,16.6,176.1,15.2,56.1,52.2,22.6,37.4,30.2,81.1,24.1,27.2,23.9,9.4,,,
975.1,6.6,24.7,22.2,209,10.2,56.7,50.7,17.4,40.3,30.7,80.9,29.9,27.4,25.2,9.4,,,
1021.6,7.3,22.1,22.6,234.1,6.3,75.5,65.8,12.4,24.5,27,80.6,26.6,32.4,27,9.5,,,
1053.4,7.2,25.6,26.1,228.6,5.5,66.3,78.2,14.7,27,31.7,83.7,27,27.7,29.8,9.5,,,
1028.9,5.5,25,17.4,160.4,6.6,71.3,86.5,11.8,17.5,27.7,76.6,24,33,24.1,9.6,,,
1009.5,6.3,26,25.9,209.2,5.8,70.2,70.3,13,25.8,38.4,87.4,24.6,29.7,28.2,9.6,,,
985.3,6.5,27.6,19.5,153.8,8.2,75.5,80.1,10,16.2,34.4,81.4,26.6,32.3,24.1,9.7,,,
1040.7,6.3,30,25.4,246.4,14.2,68.3,74.6,9.1,21.4,29.1,81.8,27.4,34,23.3,9.8,,,
1027.1,7.4,29.3,23.9,212.2,4.1,72.1,77.2,11.8,30.2,22.5,80.9,25.9,30.4,23.8,9.8,,,
1015.9,7.6,27,22.9,164.3,14.6,51.4,104.2,7.6,27.3,30,79.5,35.2,35.7,21,9.9,,,
1149.7,7.2,35.1,26.5,295.5,26.5,75.6,65.1,7.3,30.7,39.5,83,35.7,40.8,24.6,10.2,,,
955.7,5.5,22.5,19.1,120.9,11.1,21.1,38.6,19.8,46.7,22.4,72,26.8,17.9,17,10.4,,,
910.4,6,15.5,25.8,93.8,6.3,59.9,59.6,11.8,20.6,30.4,80.6,24.3,28.2,23,10.6,,,
1090.6,8.4,26,20.1,154.1,9.4,63.6,84.3,9.6,26.6,34.1,79.1,32.7,42.2,24.1,10.9,,,
1055.6,8.7,31,20.4,227.5,6.4,77.3,59.1,15.4,24.7,39.7,82.3,24.7,33.3,32.3,10.9,,,
930.4,6,29.7,22.2,217.3,7.4,58.8,59.4,12.2,24.2,35.4,83.5,25.5,27.1,23.2,11,,,
977,5.3,27.1,19.5,196.8,3.8,71.3,53.3,11,18.9,32.7,85.4,27.6,31.8,25.1,11.2,,,
1016.1,8.9,22.3,22.9,232.2,7.8,63.4,57.5,17.9,29.3,30.4,80.7,26.1,36.8,26.3,11.4,,,
1208.5,11.2,32.6,26.8,291.6,4.8,92,69.5,12,42.2,42.6,83.9,28.5,35,34.2,11.4,,,
1107,7.8,35.4,20,297,14.4,70.1,75.2,10.9,29.6,39.1,87.2,30,32.4,28.2,11.5,,,
1037.2,6.3,26.1,20.8,189.9,8.9,83.2,57.3,16.7,18.7,29.6,80.9,30.5,32.4,27,11.6,,,
1119.1,6.4,33,21,184.3,10.8,76.8,107.1,7.2,25.4,28.1,83,28.6,32.6,27.2,11.6,,,
1030.1,8.5,30.6,21.1,193,9.6,70.2,53.9,18.5,34.7,29.3,78.8,23.1,35.7,26.1,12.6,,,
1009.7,6.5,28.4,16.4,206.3,10.3,60.1,81.3,13.1,23.2,28.8,79.2,31.1,41.1,23.1,12.7,,,
729,4.6,21.8,16.1,102.2,1.2,37.8,61.3,14.3,34.2,10.3,69.3,10.9,16.8,14.3,3.8,,,
729.3,5.8,27.4,16.4,121.3,1.4,43.6,57.7,11.2,19.4,13.3,75.1,18.6,21,18.2,4.2,,,
787.2,5.6,23.8,17.8,126.9,1.7,49.4,71.2,14.1,21.2,15.8,74.3,20.6,22,18.9,4.5,,,
770.4,5.2,25.4,18.5,151.3,3.4,46.8,57.6,7.7,14.9,16.4,69.7,20.3,19.6,14.8,5.4,,,
750.5,4.9,29.2,20.2,162.3,1.1,49,43.1,5.7,16,20.5,72.2,16.3,23.5,15.8,5.4,,,
810.5,5.9,26.7,21.7,120.7,1.2,59.9,46.5,9.8,25.2,17,68.6,16.6,20.3,18.9,5.6,,,
898.7,6.4,26.6,20.3,194.6,3.9,58.5,55.3,20.6,20,18.6,77.9,18,23.4,22.2,5.6,,,
849.5,5.7,29.3,19.2,129.7,6.7,54.5,67.6,11.9,21.8,22.2,72.1,22.7,24,17,5.7,,,
772.9,5.3,23.7,20.2,182.3,2,49.9,41.6,10.9,18,21.3,73.6,20.5,22,21.5,5.8,,,
754.3,4.8,25.5,20.2,152.1,1.2,48.1,49,8,16.5,17.8,74,15.4,24.9,18.9,6,,,
769.6,6.9,25,19.4,141.9,2.8,52.3,64.9,9.4,16,18.2,72.5,20.7,17.1,16.6,6.3,,,
782.5,5.1,26.8,18.9,198.3,3.1,56.8,51.3,11.3,16.9,21.3,82.8,22.8,21.8,24,6.5,,,
818.6,5.5,20.7,22,149.7,1.9,60,55.1,10.8,21.6,20.3,72,19.3,25.3,21.3,6.6,,,
857.3,6,25.5,21.3,186,4.3,56.9,51.6,11.1,20.7,23,78.2,20.5,25.8,22.1,6.6,,,
797.4,5.7,29.1,20,174.7,4.9,47.1,45.6,4.5,17.3,24.1,72.3,19.7,27.2,17,6.8,,,
941.4,6.8,26,19.9,173.2,2.9,71.7,59.5,12.5,19.8,23.2,76.6,28.8,24.5,25.2,6.8,,,
769,6,24.5,21.2,161,2.6,48,48.5,10.8,22.2,23.5,75,23.3,24.6,21.3,6.9,,,
803.3,5.8,26.9,15.9,125.6,3.5,50.4,46.7,7.8,19.5,21.9,71.8,23.5,24,20.6,7.3,,,
874.8,5.9,27.9,20,182.5,4.7,61.9,59.8,9.2,11.6,20.1,71.5,23.3,28.2,22.4,7.5,,,
827.2,6.3,25.9,21.4,158.3,8.9,58.9,60.9,11.8,16.1,26.2,75.5,22.8,26.7,25.3,8.1,,,
798.9,5.5,26.3,20.4,196.7,2.4,51.8,47.2,4.8,14.6,23.6,73.2,20.8,26,21.7,8.2,,,
752.8,5.2,21.1,15.9,157.4,3.1,48.7,56.2,7.5,19,17.1,79.7,20.7,20.5,15,3.3,,,
820.5,5.9,23.6,16,119.8,5.1,40.9,84.8,17.4,20.5,17.1,78.1,18,18.9,20.2,4,,,
773,4.7,25.2,19.3,171.1,3.9,47.9,68.6,9.5,14.8,19.5,81.1,15.2,22,15,4.1,,,
856.8,4.5,22.9,16.6,167.7,1.9,50.8,63.2,8.8,18.9,22.2,80.1,23.3,17.3,17.3,4.6,,,
703.8,4.2,23.9,16.4,101.6,1.9,47.7,55,10.7,12.2,16.7,79.4,17.4,18.9,16.6,4.8,,,
732.4,5.3,26.7,14.8,117.1,1.1,43.7,64.3,11.8,17.9,15.5,71.8,19.6,20.2,16.3,5,,,
706,5.1,25.6,17.9,98.5,1.3,46.4,51.9,8.7,19.8,14.5,77.1,21,19.6,17.9,5,,,
750.2,5.5,23.8,15.4,131.6,2,48.9,53.1,14.8,18.7,15.5,77,18.5,21.6,18.1,5.1,,,
757.2,5.5,20.9,16.3,117.8,4.3,44.2,47.6,16.5,24.8,17.6,77.1,17.2,19.9,19.9,5.1,,,
812.7,6.1,25.6,19.2,157.2,3.9,61.7,55.9,9.8,19.9,19.8,75.3,19.5,20.6,21.5,5.1,,,
740.8,5.1,23.5,17.8,141.4,1,43.4,53.1,8,30.8,16.6,73.4,17.6,22.9,16.8,5.2,,,
814.4,5.6,26.4,21.2,197.4,3,55.1,53.5,9.2,16.5,23.9,83.1,23.6,22,23.2,5.2,,,
878.4,5.8,32.7,20.2,141.9,5,59.4,63,11.3,22,19.3,72,24.8,25.5,18.1,5.5,,,
799.7,4.9,31,21.3,150.4,4.5,56,59.9,8.4,17.1,26.9,81.5,22.6,20.4,17.9,5.6,,,
814,5.8,26.8,19.8,169.5,1.7,60.6,51,9.5,25.2,19.5,75.7,20.9,23.2,21,5.7,,,
730.4,6,28,20.4,102.4,1,59.6,45.3,8.9,28.3,17,79.5,24.6,20.2,23.9,5.7,,,
803.5,5.8,22.9,17.7,151.9,2.4,55.6,71.9,13.8,20.1,16.4,76.2,24.8,24.1,20.2,5.9,,,
831.5,5.6,26.6,22.8,148.8,6.8,54.7,51.5,13.2,22.8,21.4,79.6,23.8,25.4,23.6,5.9,,,
858.9,5,27,22,123.1,6.3,62.6,56.9,10.9,19,22,82,22.2,21.5,22.8,6.1,,,
840.7,6.4,23.4,16.6,207.8,3,55.7,56.9,13,18.5,19.4,78.9,16.3,24.8,23.3,6.3,,,
792.1,6.6,24.3,19.1,160.1,5.3,52.6,69.8,9.4,15.1,18.6,72,20.9,21.9,17.2,6.4,,,
668.7,5.5,22.5,15.4,130.4,3.5,50.7,37.1,17.1,26.9,21.6,72.7,18,28.5,20,6.4,,,
782.1,6.1,26.3,15.9,154.2,3.3,50.7,41.6,10.4,22.3,21.6,77.7,25,23.5,26.9,6.4,,,
828,5.6,24.4,24,199.1,2.6,52.3,39.5,6.3,15.5,25.4,75.9,23.9,28.1,23.2,6.5,,,
839.9,6.6,29.7,21.5,359.8,3.2,53.4,21.6,6,14.9,28.3,77.8,22.6,20.9,27.3,6.6,,,
817.7,5.1,24.2,19,212.1,3.2,55.7,43.8,6.9,13.6,25.9,69.7,20,28.8,21.9,6.8,,,
769.1,5.6,26.9,20.7,143.7,2.1,49.3,56.2,7.8,19,24.8,73.9,22.2,21.7,22.1,6.8,,,
879.9,6.5,26.3,20.8,178.8,2.4,66.9,59,9.4,18.2,27.2,78.6,25.8,26.7,26.7,6.8,,,
861.4,5.7,26.4,22.9,191.5,3.2,56,48,7.9,19.5,25.2,72.7,21.8,24.6,21.1,7.1,,,
856.5,6.1,27.3,21,150,2.5,65.2,46.4,7.7,13.1,21.6,73,20.1,25.8,21.6,7.1,,,
776.2,5.2,25.4,21.5,174.7,5.1,44.5,42.7,5.4,17.2,28.1,72.6,20.7,25.8,19.2,7.5,,,
756.5,5.5,24.2,16.7,156.7,2.9,53.3,39.2,10.6,15,22.6,73.4,24.7,28.6,19.8,7.6,,,
797.5,6.7,27.3,22.7,199.5,1.8,60.4,37.2,7.2,16.8,28.4,70.7,22.8,29.3,21.5,8,,,
801.2,5.8,27.3,20.8,148.9,6.6,52.5,59.1,10.8,18.5,24.4,69.6,25.1,27.6,19,8.6,,,
771.2,5.8,25.1,18.2,227.9,1.7,42.6,42,4.6,9.4,28.1,71.4,18.1,28.6,17.8,8.7,,,
851,6.8,25.9,17.6,170.2,5.5,62.2,58.6,10.1,24.6,25.3,76.3,25.8,27.5,26.2,9.3,,,
636.5,4.5,27.1,16,128.2,1.5,42,55,11.3,14.1,8.3,66,9.9,23,12,2.8,,,
923.4,6.1,25.1,17.8,146.8,3,52.6,67.1,8.1,24.9,18.9,78.3,20.8,26.7,21,4.8,,,
788.6,4.7,27.9,16.2,118.4,4.3,52.6,68.6,10.1,25.6,15.2,67.4,19,20.8,16.7,4.9,,,
863.8,5.8,26.8,17.6,146.5,4.4,58.6,54.6,12.9,24.8,22.3,78.9,24.2,21.7,25.1,4.9,,,
847.7,5.9,18.9,22.7,162.6,2.9,62.9,59.3,9.1,20.3,21.1,77.9,20.7,19.6,24,5,,,
639.4,4.7,29.8,13.6,95.1,2.4,38.1,37.3,7.6,19.4,12.2,66.6,13.6,17.1,15.4,5.2,,,
770.1,4.8,22.1,17.2,143.8,2.1,55.5,61.3,16,19.5,20,82.1,21.7,22.6,22.3,5.3,,,
691.3,5.5,20.4,12.7,183.4,2.7,51.7,38.4,9.5,17.1,18.8,68.8,17.2,25,19.4,5.4,,,
759.1,4.6,24.5,19.1,113.5,1.7,49.2,49.1,11.8,21.4,22.8,78.8,21.3,20.6,20.6,5.4,,,
728.6,4.9,21,18.8,137.9,1.7,58.5,50.1,10.8,19.1,19.9,81.9,21.5,23.5,20.7,6.2,,,
885.2,5.6,23,22,167.6,4.6,64.6,67.2,12.1,21.5,26.7,77,24.7,25.3,26.7,6.3,,,
897.1,5.3,19.8,22.7,172.5,4.8,57.6,66.7,10.7,23,25.2,78.4,24.3,28.8,27.2,6.4,,,
930.4,5.1,25.4,22.2,170,11.1,62.2,60.1,14.4,22.6,25.5,80.9,26,24,19.6,6.7,,,
907.5,5.7,24,20.4,156.1,7.4,61,62.8,12.8,25.5,20.7,75.5,23.1,26.2,25,6.7,,,
922.1,5.8,24.4,18.3,146.3,5,61.8,67.7,15.8,31.8,26.8,83.1,24.6,30.7,22.4,7.1,,,
858.8,6.7,34.2,25.9,171.2,2.9,63.9,44.5,11.3,17.8,23.7,72.3,25.9,27.3,23.9,7.3,,,
858,5.7,28.9,20.7,170.4,5.8,51.5,46.7,8.8,22,22,77.4,26.9,29.6,24.8,7.4,,,
691,4.9,24.4,17.4,98.1,4.8,46,50.5,8.5,17.7,18.6,67.6,15.9,18.4,18.6,7.6,,,
870.7,7,27.2,22.6,175.4,7.4,66.6,48.2,11.1,18.9,28.3,79.8,25.6,30.5,26.6,8,,,
925.6,4.7,32.6,24.9,149.7,3.2,61.2,60.1,9.7,18.1,26.5,77.7,27.9,25.2,28.7,9.3,,,
931.7,6,25.4,20,210.3,5.5,66.6,70,11.5,25.4,32.2,80.4,26.6,28.2,27.1,10,,,
930.8,5.6,22.7,16.6,157.5,4.6,61.4,65.7,10.6,28.2,27.9,73.7,25.1,23.8,23.4,10.9,,,
855.9,5.6,30.2,22.8,148.3,7.4,60,56.5,10.9,17.8,25.5,73.4,24,27.9,19.8,11,,,
614,4.8,19,17.3,95.7,2.4,39,42.1,8.7,20.6,16.1,77.1,18.9,18.9,18.5,3.9,,,
896.4,4.9,27.6,16,182.1,3.1,58.1,66.8,10.3,18.8,24.8,75,28.8,24.7,22.2,4.3,,,
702.7,4.5,22.2,15.9,139.6,3,38.9,56.5,6.9,9.7,15.5,73.5,16.4,19.8,13.7,4.5,,,
857.8,5.8,25.8,18,175.4,2.4,58.6,67.1,13.6,23.3,19.4,79.2,26.8,25.6,29.9,4.7,,,
775.1,5.7,24,16.9,125.1,1.4,25.3,57.5,13.6,17.9,14.8,80.2,19.7,18,9.7,4.9,,,
923,5.6,37.2,29.2,203.8,5.6,62.2,50.4,12,13.3,22.4,75.2,26.5,23.8,21.1,4.9,,,
806,5.4,29.5,25.5,157.6,1.4,55.8,55.7,6.4,15.3,21.1,73,21.3,19.1,22.3,4.9,,,
700,4.8,21.6,14.1,129.6,1.9,47,51,7.9,17.5,22.3,75.8,22.3,19.1,19.9,5.1,,,
916.5,5.9,31,24.1,164.7,5,65.9,66.9,7.9,21,21,78.5,22.7,22.1,22.1,5.5,,,
825.7,5.4,25.4,14.2,175.1,6.3,58.2,62.8,8.5,19.8,26.2,77,25.2,27.7,23.2,5.5,,,
1024,6.4,29.6,21.7,239.4,2.8,76.8,69.7,13.1,28.2,26.1,78.7,19.9,24,31.1,5.6,,,
827.9,6.4,23,12.2,116.4,3.9,29.2,54.4,17.9,15.4,20.1,81.3,21.8,20,14.6,5.7,,,
719.9,5.6,23.4,15.1,152.6,1.2,50.5,62,12.8,19.7,11.3,68.6,17.3,21.1,15,5.7,,,
861.5,5.5,28.2,22.8,188.6,2.1,56.5,55.4,10.7,10,20.6,70.6,19.3,27.4,20.8,5.8,,,
812.3,5.3,21.8,22,197.9,2.2,47.1,67.7,11.8,13.2,20.9,70.9,21.4,21.3,20,6,,,
738.4,5.6,22.5,17.9,157.9,1.9,42.9,61.4,11.5,20.1,18.7,78.1,20.7,23.9,24.1,6.2,,,
789.6,6,23,19.9,154.2,2.2,55.9,61.9,12.8,21,18.8,78.9,22.9,23.8,19.4,6.7,,,
870.9,6.2,27.9,16.1,257.3,5.5,48.4,42.2,11.9,23.6,30.2,82.9,26.9,28.9,24.2,6.8,,,
924.2,5.4,24.1,16.9,150.6,3.1,56.8,65.4,12.1,23.9,19,76.6,19.5,21.1,21,6.9,,,
796.9,5.5,18.1,17.8,140.4,2.3,55.1,60.1,11.6,23.4,20.4,78.2,22.1,26.7,25.9,7.1,,,
851.3,6.1,21.2,18.3,211,2.1,62.8,60.1,11.5,9.4,22.2,72.5,22.3,25.6,20.4,7.2,,,
931.2,5.9,27.1,18,233.2,2.6,67.6,71,11.8,20.8,26.6,68.4,25.1,26.9,24.6,7.3,,,
872.5,7.6,27.3,21.8,215.1,2.2,63.3,46.2,11,13.9,20.9,79.4,25.2,30.8,31.1,7.3,,,
904.5,6.2,28.7,26,188,2.9,62.9,55.7,10.4,25.3,24.9,71.2,23.5,29.8,24.2,7.4,,,
825.2,6.3,22.4,17.3,158.4,1.7,57.4,62.3,11.5,20,14.7,72.9,24.6,25.2,21.1,7.5,,,
978,6.3,23.7,21.9,222.4,3.5,83.4,67.8,16.6,23.2,21.4,75.6,20.6,21.8,28.9,7.9,,,
962.7,6.5,32.1,27.6,200.4,2.4,70.1,51.2,9,24.5,24.5,76.1,22.4,25.8,22.8,8.1,,,
906.8,6,24.6,17.5,203,3.7,69.4,74.6,11.3,27.7,28.9,69.1,21.8,24.6,28.4,9.1,,,
811.6,5.8,26.2,14.7,133.6,3.4,43.7,57.8,12.3,19.6,24.5,78.4,22,20.3,17.7,4.8,,,
776.9,5.7,26.1,20.6,222.5,2.7,51.7,49.7,13.2,17.3,22.3,77.4,21.5,25.4,21.4,5.8,,,
673.2,5.4,20.5,12.8,142.9,3.7,49.1,43,15.5,31.9,24.2,74.5,13.9,26.4,22.1,6.4,,,
706.3,5.2,27.7,16.9,99.6,2.2,51.8,45.7,8.5,12.1,16,65.6,15,30.5,16.8,6.7,,,
873,6.1,28.1,17.4,207.3,2.5,59.3,52.9,11.6,12,27.2,73,22.4,29.4,23.3,7.4,,,
930.5,6,23.3,23.4,237.7,2.7,57.4,56.5,16.2,22.8,23.8,84.3,24.5,24.5,24.7,7.7,,,
854.9,5.8,22.7,24,192.1,3.5,65.3,49.7,9.4,23.3,27.9,72.2,24.1,29.1,29,8.2,,,
803.3,5.8,24.7,18.1,180.6,6.1,52.6,42.8,8.4,16.2,23.2,67.9,25.2,30.8,21.4,9,,,
680,5.9,20.8,15,165.4,2.9,52.7,32.8,18.7,17.1,22.9,73.2,23.1,37.6,19.9,9.1,,,
900,6.6,25.4,15.7,152.6,6.1,58.3,70.3,7.1,28.2,25.5,81.1,25.1,27.9,30.2,9.1,,,
823.3,5.6,34.9,15.3,139.2,2.4,51.8,63,12.3,27.8,21.7,78.1,19.8,18.6,25.4,3.7,,,
680.2,5.4,21.4,16.4,110.7,4.2,31.1,39.3,19,40.1,18.1,75.5,14.7,18.6,19.7,4.2,,,
874.3,5,25.6,21.3,123.4,11.1,61.8,65.4,11.4,22.7,23.6,66.8,21.1,24.9,19.4,4.3,,,
757.4,6.4,25.8,17,126.7,2.9,47.8,65.2,15.9,16.2,13.9,75,16.4,22.2,15.5,4.5,,,
747.4,6.2,22.2,16.3,141.5,2.4,46,61.4,15.5,24.5,15.3,74,18,26.3,17.9,4.6,,,
781.6,5.4,17.3,18.8,151.3,3,49.4,51.6,9.8,16.7,15.5,66.6,21.8,21.5,17.9,5.4,,,
811.5,5.7,21.8,18.3,114.1,3.9,58.4,59.2,17.2,20.7,21.8,78.9,21.4,25.2,21.1,5.5,,,
799.8,5.2,29,19.3,130.3,2.2,59.5,48.8,9.1,18.8,22.4,70.9,19,21.1,20.3,5.8,,,
897.3,5.7,26.7,18.8,180,5.7,73,58.5,10,26.6,23.8,75.9,20.8,22.3,23,5.9,,,
848.5,5.6,24.5,16.5,143.5,3.5,58.5,58.4,10.1,26.7,18.7,74.3,20.8,23.6,17.9,6,,,
849.7,6,28.1,18.9,163.1,4.7,55.9,54.8,12,22.2,27,77.2,22.4,25.3,23.6,6.4,,,
769.5,5.4,20.2,17.9,156.2,2.7,50.6,65.2,8.4,21.7,22.9,78.7,23.5,24.7,19.3,6.6,,,
968.7,6.9,24.9,20.7,127.1,7.3,70.7,59.5,15.5,22.5,23.4,74.5,22.5,32.7,28.9,6.7,,,
736.3,7,22.7,15.8,147.6,3.4,44.4,50.4,13,15.7,16.8,64.9,17.9,17.7,11.3,6.9,,,
913.2,6,31.4,25.4,190.8,8.6,60.1,61.8,8.5,21.5,24.5,75.6,23.8,24.6,21.5,6.9,,,
901.6,7,28,18.5,156,2.9,64.6,67.3,14.1,26.1,22.5,80.2,22.3,26.3,26.2,7,,,
864.7,5.3,30.8,17.2,155.5,5.8,62.8,66.6,11.9,24.5,20.4,75.9,20.9,26.1,21.7,7.3,,,
805.4,6.9,26.7,15.9,139.5,3.2,56.5,54.9,9.5,13.4,18.2,80.8,18.7,23.5,26.1,7.3,,,
728.8,4.9,25.4,14.2,94.1,6.4,55.2,56.1,11.2,19.9,17.4,72.9,16.8,30.5,21,7.4,,,
925.9,6,22.3,24.7,164.6,5.7,62.4,57.1,10.6,20.4,23,75.9,22.2,27.1,25.1,7.6,,,
856.5,6.8,19.1,15.8,161,6.5,63.9,66.6,14.4,23.6,26.4,77.1,20.1,25,24.1,7.8,,,
930.5,5.7,19.5,19.2,153.1,4.9,48.9,76.3,13.7,23.9,28.2,75.7,24.8,27.4,20.9,7.9,,,
942.6,6.7,23.5,18.8,235.5,6.5,63.2,62.7,13.3,20.6,31.9,76.5,25.1,24.2,26,7.9,,,
989.7,6,33.3,19,170.9,8.1,66.6,83.1,11.5,31.4,27.9,76.8,25.1,28.3,25.3,8.2,,,
967.6,5.2,28.1,14.4,179.6,5.8,66.8,76.3,16.8,29.4,28.5,63.3,28.2,31,28.5,8.7,,,
933.4,6.9,29.5,19.5,170.7,2.7,69,61.5,12.4,21.4,21.5,76.1,28.3,25.3,25,8.8,,,
996.1,7.5,25.7,24.2,191.1,5.9,68.4,82.4,14.4,25.5,21.1,73,35.5,28.7,24,8.9,,,
886,6.9,25.2,18.6,178.7,3.6,62.7,61.4,11.8,20.6,20,76.7,26.5,30.1,24.1,9.3,,,
996,7.1,24,29.2,187,8.1,62.2,60.9,15.1,26.2,25.7,78.7,26.7,32.3,24.7,9.4,,,
888.1,7,29.2,21.4,200.3,3,66.6,50.5,7.4,13.5,20.4,74.2,23,33.2,25.1,9.8,,,
955.4,8,29.8,20.2,204.4,3.4,57.4,68,11.9,31.5,25.6,76.7,27.8,32.5,30.6,10,,,
986.6,6.5,26.6,22,203.1,2.9,74.1,64.8,12.7,20.6,33.7,65,25,36.4,23.8,11.9,,,
944.2,5,29.2,22.5,184,3.8,67.8,63.3,13.4,22,25.2,76.4,32,25.3,22.8,3.8,,,
837.5,5,21.4,17.4,172.4,3.5,59.4,55.8,14,21.4,26.1,82.9,23,23.9,28.6,4.6,,,
862.4,5.8,23.7,13.7,216.2,1.6,51.6,71.7,10.7,19.6,23.4,84.4,20,24.1,23.1,4.7,,,
939,6.5,27.5,17.2,189.3,9.8,56.8,47,11.5,26.1,26.8,82.1,26,27,23.6,5.8,,,
914.6,5.7,25.4,21.3,213.3,3,66.3,57.6,9.4,15.7,25.7,82.8,26.6,20.3,32.1,5.8,,,
976.3,5,23.6,18.8,222,6.2,68.8,72,11.8,15,24.4,74.8,23.9,21.8,25.5,6.1,,,
941.9,6.1,25.3,19.8,189.9,4.5,74.6,73.7,13.1,22,24.7,68.3,20,25.2,27.1,6.6,,,
846.5,5,24.6,20.3,153.8,3.3,59.4,71,10.9,20.2,20.1,81.3,20.5,23.7,23.7,6.9,,,
929.5,4.8,27.3,22.1,156,4.5,66.3,58.9,14.3,31.4,23.2,81.8,22.7,22.7,24.2,7,,,
834.5,7.7,25.2,15.9,188.8,2.4,55.9,47.6,14.6,17,29,77.6,22.2,19.7,23,7.3,,,
987.5,6.8,35.5,25.1,164.3,3.1,78.7,55.9,13.8,31.2,24,79.9,23.6,27.8,32.7,7.3,,,
853.6,4.9,21.2,22.1,152.4,6.1,66.1,77.9,9.9,21.8,28.7,84.8,24.1,23.5,24.1,7.4,,,
1016.4,5.3,27.4,19.3,236.3,7,66.4,70.3,10.2,25.6,22.5,75.2,28.1,25.4,22.1,7.5,,,
925.8,6.2,25.5,19.2,185.4,2.7,65.5,56.4,14.1,33.8,19.3,73.3,20.7,28.5,22,7.6,,,
866.7,6.9,22.7,21.7,132.5,6.4,64.2,76.1,8.4,24.1,25.7,75.3,23.7,24.2,29.2,8.4,,,
907.6,6.1,22.8,19.7,217.2,2.5,73.1,53.1,11,18.5,26.9,80.4,25.2,28.6,24.6,8.5,,,
1011.1,7.7,18.6,21.3,246.5,3.2,68.5,90.8,12.5,23.4,27.5,78.1,25.7,28.1,25,9.1,,,
977.4,5,24.5,19.4,145.1,4.1,64.4,66,9.2,21,21.7,81.2,24,33.3,25,9.7,,,
926,6.4,23.3,17.2,141.5,8.7,71.4,65.5,13.2,18.7,24.4,79.6,27.4,23.7,25.8,10,,,
978.3,6.9,28.8,19.9,148.2,7.1,62.5,63.7,14.7,19.9,25.3,77.2,27,35,26.5,10.9,,,
1036.1,6.5,23.6,18.9,204.5,7.7,70.2,62.8,17.4,33,30.4,86.8,28.6,28.6,28.4,12.2,,,
708.5,5.7,21.3,17.6,140.4,2.1,48.5,53.7,13.1,18.3,14.2,75.9,19.1,24.9,12.6,5.5,,,
778.8,6.6,22.4,15.7,134.4,5.3,51.4,52.2,22.7,30.5,23.4,69.3,16,28.5,21.9,5.7,,,
837.3,5.7,29,19.5,127.5,2.4,53.1,55.6,13.4,27.9,16.9,76.4,18.5,24.2,21.5,6,,,
759.3,5.6,21.2,16.4,116.4,3.2,56.8,43.8,13.2,16.8,22.2,76.4,16.8,27.3,20.1,6.4,,,
875.6,5.6,22.6,18.5,157.2,5.1,59.7,59.4,12.7,28.8,22.8,72.3,21.6,26.4,25.1,6.9,,,
894.1,7.4,27,22.2,249.6,4,65.3,58.7,7.4,12.3,24.4,75.5,25.4,27.8,26.5,7.1,,,
856.9,6.7,22.5,15.3,156.5,5.4,62.1,48.7,14.3,30.1,27.2,76.2,23.6,30.5,24.6,7.2,,,
851,7.3,27.9,17.3,189.3,3.7,56.7,56.2,8.8,17.2,23.4,74.4,21.1,34.1,23.3,7.4,,,
903.1,5.8,26.2,25,201.3,1.9,50.5,49.2,11.3,26.7,26,72,21.6,32.1,28.8,7.4,,,
772.5,6.5,24.9,18.6,174,4.3,58.5,52,15.5,21.4,23,72.2,21.4,34.4,24.4,7.8,,,
854,7.6,24.4,22.8,177,3.5,48.1,44,14.8,29.1,26.5,81.9,26.1,28,24.7,7.8,,,
889.2,6.5,27.2,17.8,190.7,4.5,59.9,51,11.5,17,25.8,79.1,30.1,32.4,25,7.8,,,
729.2,5.7,17.4,16,178.7,6.1,54.5,39,14.5,24.9,26.9,69.7,18.4,31.1,21.5,8.2,,,
581.9,4.4,14.9,12.2,108.9,3.4,41.1,30.2,11.7,28.8,21.3,73.4,19.8,29,17.6,8.4,,,
807.9,6.8,26.2,18.1,172.3,2.8,49.5,54.8,7.7,14.9,20.9,76.5,23.2,31.7,25.9,8.8,,,
837.8,6.2,26,21.6,184.5,3.8,62.6,42.9,11.2,21.5,27.9,78.9,24.5,32.5,24.7,8.9,,,
872.9,6.4,25.1,22.5,169.7,2,61.5,52.6,11,25.6,28.5,76.6,25.4,29.7,25.5,9,,,
915.4,6.9,26,21.3,171.9,5.1,67.8,54.3,16,28.2,24,80.8,27.3,27.5,28.6,9,,,
981.1,6.2,31.5,24.5,228.4,5.4,65.1,52.8,8.5,26.9,29.3,73.3,25.8,28.7,24.5,9.3,,,
850.7,6.5,22.5,22.4,179.5,3.4,54.6,53,8.1,26,25.9,81.8,25.7,25.2,28.6,9.5,,,
868.6,6.6,27.1,19,191.4,3,58.9,43.9,11.7,22.9,26.4,76,25.7,27.6,24.8,10,,,
908.9,6.9,25.6,15.3,212.9,5.6,61,59.1,15.9,28,33.2,80.6,25.1,36.6,28.9,10.6,,,
1011.9,7.3,28.9,28,244.3,6.3,75.1,62,13.3,15.8,27.5,84.6,25.3,36.5,28.5,10.8,,,
898.5,4.4,18,21.6,155,2.2,55.9,61.8,14.1,13.9,16.3,73.3,16.2,20.3,17.6,3.7,,,
734.1,5.3,24.5,18.3,104.8,3.3,43.8,70.7,10.6,13.2,18.3,64.9,16.5,24.2,17.1,4.4,,,
806.2,6.8,35,20.3,164.2,2.2,51.7,51.1,8,15,20.4,79.4,23.5,19.3,21.6,5,,,
847.7,6,32.2,23.5,143.8,4.3,57.2,57.8,10.9,19.3,18,72.8,21.7,23.1,25.1,5.8,,,
884.3,4.5,39,22,161.1,3.5,53,54.2,11.1,19.7,19.1,80.2,20.9,24.6,22.5,5.9,,,
864.9,5.4,28.8,21.4,139.5,2.7,51.5,51,14.4,22.3,20.8,78.7,20.2,21.4,24.9,6.1,,,
979.2,6.5,28.8,22.9,208.7,3.7,71.6,80,10.6,20.1,24.1,76.8,21.9,26.4,25.7,6.3,,,
1018.9,7.2,29.8,26,218.1,3.1,85.7,81.4,11.5,23.3,26.3,79.9,22.2,28.6,29.5,8.7,,,
1005.9,6.4,26.6,23.7,192.7,4.4,66,72.4,10.1,24.4,23.6,79.1,25.8,28.6,24.3,9.2,,,
792.5,6.8,27.5,22.5,124.9,3.3,52.5,72.7,14.4,25.1,22,75.2,27.6,26.6,24.3,9.8,,,
963.9,6.2,29.7,27.3,224.9,3.2,70.2,59.9,8.8,21.1,36.3,78.9,26.8,28.8,24,7.1,,,
772.6,4.9,27.8,16.6,118.8,3.1,46.8,52.5,9.7,17.4,19.3,79.6,17,14.9,19.2,3.6,,,
749.6,5.8,22.9,24.7,138.1,2.1,50.6,50.6,11,17.1,17.4,63.1,18.8,25.2,16.3,4.8,,,
894.9,6.4,20,22,98.2,3.5,59.7,79.9,9.6,17,24.4,78.6,23.6,22.9,19.8,4.8,,,
791.7,4.7,20.6,20.8,165.8,3,58.1,56.6,10.8,14.6,18.8,78.1,20.7,19.1,20.5,5,,,
946.9,5.8,34.1,16.9,138.8,5.2,63.8,60.4,8.5,26.3,27.7,85,24.8,23,22.6,5.5,,,
774.4,6,25.7,20.1,141.3,2,52.4,71.8,16.9,21.6,18.1,79,20.9,22.8,20.9,6.2,,,
805.4,6.1,20.6,18.7,169,3.4,55.9,61,14.4,20.3,21.4,74.2,21.6,24.1,22.8,6.3,,,
848,5.8,24.3,15,112.5,4,63.4,53.8,22.5,28.1,20.9,77.8,21.9,29.6,18.5,6.5,,,
978.4,5.2,32.1,17.9,219,5.4,74.3,79.4,13.6,25.8,26.2,69.9,20.1,27.2,28.9,6.6,,,
1003.6,6.6,26.2,28.5,187,2.5,81,73,11.8,26.6,27.8,85.6,23.9,22,25.6,6.9,,,
884.7,7.4,24.9,20,174.2,4.4,62.9,72.9,17.7,28.4,25.5,78.4,26.5,26,33.5,7,,,
1025,4.9,28,20.5,208.6,8,79.3,70,14.8,24.2,30.7,68,25.8,23.8,26.7,8,,,
980.6,7.5,25.4,23.6,190.3,4.5,83.1,67.2,13.8,23.3,30.8,81.9,28.5,25.1,30.4,8,,,
1088.5,5.5,28.2,20.3,270.6,5.9,92.3,73,10.3,25.6,30.6,83.1,26,28.1,30.5,8.2,,,
942.1,5.6,38.3,23.3,235.6,5.3,73.1,50.4,11.3,15.7,25,70.2,25,28.4,24,8.3,,,
958.5,6.2,29.3,20.7,211.5,3.8,68.4,52.4,14.1,26.1,27.1,80.4,33.2,34.5,27.8,8.7,,,
918.4,8.2,28.5,19.8,209.4,11.2,46.8,69.6,19,27.1,29.7,83.9,22.6,27.3,29.1,8.9,,,
924.4,6.4,20.3,22.9,166,5.3,63.5,85.8,13.2,34.8,29.6,74.5,23.1,31.4,23.7,9.8,,,
976.6,5.9,30.2,16.5,246.9,6.7,62,60.1,11.6,24.1,31.6,77.2,28.9,30.9,20.4,10.3,,,
953,6.7,24.1,19.2,190.7,5.7,65,74.7,12.1,23.6,31.1,84.6,27.8,36.9,24.7,10.3,,,
939.8,5.6,27.2,18.9,285.5,3.3,66.2,56.5,11.4,31.4,30.9,71.1,30.5,27.3,28.5,11.7,,,
1031.9,8.9,22.2,25.1,228.3,5.5,76.4,105.3,12,25.4,41.6,71.4,25.9,32.3,26.6,13.3,,,
806.4,5.5,23.3,17.7,156.9,2.4,54.6,46.3,12,19.9,20.2,77.8,19,23.8,23.2,5.4,,,
711.3,6.1,24.5,20.2,110.6,6.3,36.6,43.7,14.5,27.6,21.7,78.3,22.9,21.2,20,6,,,
948.7,6.9,23.9,16.3,236.4,4,56.9,79.2,10.8,21.2,26.4,76.8,27,26.1,25.9,6,,,
909,6,16.5,16.7,144.8,5.2,53.6,56.7,23.2,29.6,22.5,80.7,20.5,23.1,27.8,6.4,,,
801.5,6.2,24.6,19.4,137.2,3.5,46.1,73.9,10.5,17.6,19.7,78.8,26.1,19.4,17.4,7,,,
847.1,5.5,18.9,15.1,159.5,3.3,30.8,60.1,12.6,37.4,18.4,81.1,21.1,21.4,15.5,7.1,,,
961.8,6.3,18.8,23.2,169,6.1,53,109.7,11.7,19.7,25.3,80.2,27,26.5,22.1,7.1,,,
970.1,5,24.2,24.9,209.8,9.5,62.6,58,12.3,27.7,28.9,82.7,21.5,28.9,27.8,7.6,,,
1009,6,21.7,26.1,117.1,3.8,69.1,60.1,14.1,27.9,32.9,82.7,25.1,30,31.1,7.7,,,
1022.8,5.5,26.8,21.2,197.1,10.1,62.4,95.9,10.2,21.8,31.6,78.2,27.3,31.7,25.5,7.8,,,
920.7,7.1,19.2,26.6,146.8,2.5,79.1,63,10.2,21.3,28.6,78.7,24.6,28.2,29.9,7.8,,,
827.4,6.7,23.7,16.6,209.3,5,60.9,54.1,9.8,23.1,28.4,89.2,24.7,30.6,28,7.9,,,
973.1,4.5,28.2,18.7,145.6,3,68.6,77.2,10.2,29.8,28,74.3,24.7,23.9,18.9,8,,,
916.6,6.9,26.9,19.6,184.2,3.3,69.4,74.3,14.8,31,19.5,73.4,29.4,28,23.4,8,,,
994.2,6.9,22.9,17.1,167.7,5.2,73.6,73.3,12.2,25.1,32.8,77.3,24.6,28.3,32,8,,,
920.1,6,23.7,26.2,231.2,5.8,65.1,61,13.2,18.3,26.3,82.5,26.8,28,28,8.3,,,
912.3,5.7,18.6,18.1,227.4,3,63.1,74.3,9.4,22,29.2,88.9,23.7,29,27.5,8.9,,,
1023.1,6.5,26.3,19.7,135.8,6.8,69.5,85.3,12.2,35.5,33.1,77.5,25.5,35.7,19.7,9.8,,,
1037.7,5.7,24.8,20.6,170.7,6.8,75.5,58.5,12.1,23.5,26,79.5,30.8,27.7,29.3,10.2,,,
851.1,6,23.9,16.3,197.2,3.2,41.4,50.4,10,21.3,23.1,79.5,21.1,24.8,22.6,3.2,,,
975.5,7,24.7,24.5,211.4,8.1,58.9,75.8,18.3,33,30.7,72.4,19.4,28,20.6,5.3,,,
771.2,4.2,20.1,19.6,151.2,7.9,56.8,62,9.9,19.5,29,74.9,27,41,21.2,5.3,,,
785.4,6,21.6,20.1,129.1,5.1,51.2,52.6,11.8,27.2,23.8,71.6,19.6,28,23.6,6.1,,,
794.2,6.3,29.4,17.5,129.2,2.2,57.6,67.9,16.6,26,15.2,75.3,23.3,28.2,19,6.6,,,
910.9,7.4,25.8,18.5,133.4,4,60.5,71.5,12.6,22.2,25.8,77.1,23.8,34.7,21.1,6.7,,,
870.4,6,31.5,23.4,211.3,2.3,47.6,49.4,11,18.8,23.4,85.1,27.8,27.3,26.1,7.2,,,
818.3,5.4,21.7,20.8,129.7,3.5,58.1,44,17.7,42.4,21.2,73.1,20,26.3,26.4,7.2,,,
712,5.3,23.5,15,157.1,4.9,65.9,65.8,11.2,27.1,19.7,71.1,19,28,22.3,7.4,,,
982.9,7.1,31.1,20.8,171.7,8.8,72.1,80.7,17.6,30.2,27.9,70.6,29.3,29.3,34.5,8.1,,,
958.4,6.4,21.4,19.6,252,8.3,58.4,77.9,11.1,23.9,24.9,72.9,20.9,21.3,24.7,8.4,,,
901.5,6.9,21.4,19.5,177.8,4.8,68.8,49.1,15.3,22.9,30.2,77.8,24.1,27.7,24.1,8.9,,,
883.3,6.4,26.3,21.9,154.5,4.3,56.4,70.2,15.3,29.8,22.9,74.1,22.4,30.7,23.5,9.1,,,
904.7,7.2,31.1,15.8,182.3,7,57.8,73.2,16.5,22.7,35.5,81.2,26.2,33.1,30.8,9.1,,,
903.9,6.4,25.2,21.4,192.3,6.7,55.6,63.8,16.9,21.1,32,80.1,30.9,32.2,27.3,10.6,,,
889.4,8.7,29.7,24.5,166,3.3,50.4,53.9,11.7,23.8,31.7,80.9,31.5,29,27.5,11.5,,,
900.7,7.1,21.7,19,177.2,5.6,69.7,57.1,14,28.1,32.6,71.2,25.3,34.7,25.4,12.4,,,
791.9,5.2,21,15.1,106.7,2.2,53.4,53,16.7,30.9,12.8,75.6,15,20,20.1,3.9,,,
1027.6,7.4,26.4,19.7,187.2,5.2,69.3,63.8,12.5,27.6,34,82.3,29.4,29.2,37,6.1,,,
997.6,7.2,25.9,21.6,209.5,5,66.5,101.6,12.2,22.4,29.9,77.7,29.1,27.3,25.1,6.2,,,
1066.2,8.2,16.6,16.4,151.9,3.4,75.9,84.7,15.7,26.8,34.8,82.1,27.5,36.8,31.6,7.2,,,
953.5,5,24.2,20.1,195.9,8,56.8,85.5,10.3,25.2,30.3,68.6,30.3,28.1,19.5,7.4,,,
913,6.6,29.6,20.9,162.7,3.5,78.8,67.6,11.8,23.8,30.1,78.5,22.6,28.9,29.8,7.5,,,
971,6,20.2,22.7,179.5,3,74.2,76.7,14,24.2,28,75,22.6,23.5,27.1,7.7,,,
1133.9,5.9,25.7,23.5,205.7,7.4,84.8,53.5,11.5,23.7,38.6,80.8,29.6,27,27.7,7.7,,,
983.4,6.1,29,18,164.7,8.7,55.1,75.1,9.9,17.8,25.9,74.9,21.7,24.5,27.1,7.8,,,
900.4,6.2,22.2,26.2,166.1,3.2,63.4,49.7,12.7,17.3,18.3,76.9,24.2,23.1,19.4,7.9,,,
1008.3,5.6,24,18.2,217.6,10.7,64.1,61.1,12.5,23.4,30,73,28.5,27.9,24.7,8.4,,,
964,7.3,21.9,20.6,200.1,3.8,77,115.8,15.1,16.8,30.2,80.5,24.1,25.4,24.2,8.7,,,
1043.9,7.4,27.3,20.4,232.6,6.8,78.9,62.4,11,26.1,31.2,76,24.4,31.7,34.2,9.6,,,
1013.2,7,24.1,21.6,191.9,7.6,60.9,81.9,10.4,30.5,30.1,80.2,30.8,35.3,28.2,9.8,,,
1032.3,6.6,24.4,18.3,256.8,4.8,73.4,83.4,12.9,29,43.2,71.1,29.3,33.2,27.3,10.6,,,
929.3,5,24,17.9,137.2,4.2,60.1,64.8,10.5,27.4,24.2,73.4,27.8,23.4,23.5,11,,,
1064.2,6.8,24.1,26.1,179.7,9.9,77.4,90.3,12.3,28.8,24.8,77.3,26.3,19.7,36.9,4.2,,,
870,5.7,27,16.7,139.2,3.9,52.1,71.6,23.3,23.1,16.3,71.7,14,21.3,17.8,5.1,,,
1037.2,5.1,24,15.5,193,5.1,77.5,47.4,12.8,22.6,27.3,79.2,23,23.9,32.1,5.1,,,
1301.5,4.7,53,45.7,188.3,12.2,116.5,95.5,8.6,15.9,21,80.8,25.8,21.9,16.8,5.5,,,
855.1,7,22.3,18.1,152.6,9.1,44.5,50.8,15.6,39.8,27.7,79.8,22,22.3,24.9,6.2,,,
880,6.4,26.7,20.2,180.7,4,52,56,12.3,27.8,25.7,79.5,23.8,26.5,23.3,6.4,,,
1046.8,6.6,24.4,18.1,268.3,6.6,74.1,72,16.9,29.2,34.7,84.8,26.7,32.6,25.2,6.6,,,
1061.8,4.7,37,28.5,190.4,6.5,72.4,77.9,9.5,22.2,25.8,80.4,26.1,27,17.7,6.9,,,
848,6,26.9,22.7,136.8,6.3,57.4,62.9,11.6,23.5,25.9,79.6,26.1,28,23.1,7,,,
791.1,5.8,26.2,16.2,193.6,2.6,62.1,68.6,9.7,25.6,23.2,79.7,26,30.2,19.4,7.2,,,
959,4.8,22.5,20.6,202.3,6.9,66.7,75.3,10.7,23.1,26.2,75.2,26.5,23.6,26.8,7.3,,,
855.8,6.5,27.9,19,207.4,5.5,43.5,49,21.4,24.1,22,77.7,24.8,23.2,25.2,8.4,,,
989.7,5.3,34.4,21.3,232.9,9.6,70.4,62.1,10.4,26.6,28.6,81.1,20.3,22.7,25.2,8.7,,,
905,6.9,29,16.8,152.8,5.4,61.3,55.8,7.6,19.1,32.9,77.7,29.5,34,25,8.8,,,
949.4,5.1,26.3,24.7,173.6,6.8,62.5,71.3,10.8,27.4,20.9,73.9,22.5,28,22.4,9,,,
911.3,5.7,28.3,22.1,185.2,4.1,55.6,55.7,10.6,27.4,38.1,84.8,28,32.9,26.3,9.2,,,
1044.4,6,25.5,22.3,178.4,8.3,54.7,103.3,11.5,27.9,41.2,81.5,32.1,33.6,27.3,9.6,,,
874.8,6.8,26.7,23.8,170.9,3.1,55.6,60.2,9.8,20.8,24.4,80.5,25.8,33.2,26,5.8,,,
971.2,7.4,31.3,23.4,218.4,6.2,74.6,43.3,10,22.8,28.4,76.9,25.7,31,23.9,6.5,,,
960.6,7.2,23.1,13.7,171.9,4.2,49.9,58.6,10.9,26.7,37,80.7,24.3,35.3,19.1,7.8,,,
975.6,6.7,23.5,18.3,137.2,7.9,67.4,70.4,19.3,28.8,25,76,22.3,33.3,28.3,8,,,
973.8,5.4,26.5,20.6,258,4.3,66.3,64,14.6,19.8,29.9,85,25.2,24.1,27.1,8.1,,,
1046.6,6.9,29.3,22.3,177.3,12,63.4,68,16.1,32.1,30.1,77.8,21,28.1,29.4,8.7,,,
948.7,7.1,23.8,21.8,187.9,5.7,75.7,63.6,9.9,21.3,31.2,84.3,31.8,29.2,26,9,,,
937.4,6.5,26,15.6,193.9,4.4,74.9,61.4,12.6,23.1,29.3,79.1,26.6,25.9,27.5,9,,,
956.4,5.7,35.2,17.7,172.4,6.5,55.5,80.4,6.2,23.8,25.8,74.7,28.4,29.1,20.9,9.2,,,
953.8,5.6,25.2,15.9,155.3,8.7,67,89.1,11,24.5,19.7,73.4,24,28.3,27.6,9.2,,,
865.2,7.1,27.3,22.1,205.9,2.8,46.1,48.8,12.1,21.8,29.2,82.9,27,28,26,9.3,,,
733.8,8.2,22.2,15.5,175.6,6.4,58.1,41.5,15,20.4,28.2,72.4,20.7,42.7,21,9.6,,,
944.9,7.2,20.1,19.4,244,5.9,68.7,66.5,18.9,25.1,33.8,79.2,25.7,34.5,25.9,9.6,,,
941.3,6.5,26.1,23.3,246.3,4.1,62.7,41.6,12.5,15.6,25.2,76.7,22.6,24.5,30.9,9.7,,,
868.9,6.4,22.1,16.6,179.2,8.4,66.9,58.4,14.1,27.7,25.9,75.1,25.8,24,28.7,9.8,,,
1109.5,8.5,27.4,27.2,260.8,4.1,80.5,55.7,14.4,31,29.9,80.8,30.9,38.9,30.5,10.7,,,
1013.5,6.2,22.5,17.9,196.3,5,70.6,60,13.9,29.8,30.1,79.2,30.3,34.4,22.6,11.1,,,
989.5,6.8,24.6,23.5,195.5,4,85.3,72.7,18.1,32.4,22.6,80.9,29.1,33.8,26.6,11.3,,,
1191.7,9.5,22.8,18.3,206.2,7.3,78.3,64.2,17.8,32.4,34.9,79.3,30.5,35,33.8,11.5,,,
894,6.2,23.1,17.7,229.6,4.2,49.8,54.1,10.3,15.2,24.6,82.6,23.8,24.8,24.5,7,,,
929.7,6.5,23.8,21.5,171.7,5.7,67.3,68.7,15.6,28.3,29.7,82,26.8,17.5,30.7,7.2,,,
835.2,5.6,24.3,17.9,153.7,4.9,54.1,59.1,15.2,19.9,20.9,83.5,29.2,25,31.2,7.5,,,
1066.2,6.3,31.5,25.8,204.8,8.4,79.1,72.4,13.2,25.8,36.9,81.3,25.7,30.4,27.1,8.4,,,
1015.7,5.5,32.9,23.2,233.1,6,68.9,71.7,17.7,32.6,33.9,74.4,21.4,36.7,22.6,9.5,,,
954.1,6.2,22.2,24.7,179.4,5.5,66.8,67.9,12.8,20.9,29.9,82.5,29.3,34.4,31.6,10.6,,,
918.7,3.5,29.7,24.9,170.5,9,57.6,81.4,8.4,22.6,27.9,83,24.9,23,18.2,5.9,,,
880.7,6.3,25.7,15.5,166.6,6.7,50.2,42.4,11.1,16.7,17.5,77.3,29.4,21.3,27.2,5.9,,,
945.9,5.9,31.4,21.4,209.2,5.2,62.4,67.2,9.4,19.7,25,81.4,26.5,21.4,24.2,6.1,,,
794.8,5.4,22.7,17.3,136.2,6.1,52.3,47.8,14.5,17.7,27.2,79.4,24.4,18.5,19.6,7,,,
938.2,5.8,25.4,21.5,203,14.8,58.5,65.4,9.5,26.5,30.6,79.8,23.8,33.5,26.5,8,,,
1007.6,5.7,21.1,17.9,164.7,8.3,64,75.5,12.7,27.8,30.6,78.3,25.1,29.9,32.7,8.9,,,
934.1,4.4,22.6,17.1,219.9,4.1,64.6,59.7,13.4,23.8,28.3,81.7,32.6,26.7,21.2,9.3,,,
1041.5,7.5,34.1,15.9,172.4,6.7,65.3,73.9,16.6,23,27.8,78.6,24.5,29.1,26.6,14.2,,,
853.9,6.9,20.2,19.5,159,4.4,73.8,59.1,14.2,31.2,22.6,75,26,33.9,25.6,10.1,,,
955,7.3,23.1,16.6,211.1,5.6,77,65.2,13.9,19.2,37.3,71.4,32.7,34.9,34.7,13.3,,,
1040.4,9.7,16.2,13.7,188.1,5.5,63.6,70.3,13.3,32.8,30.3,82.8,31.2,26.5,30,6,,,
1039.9,6.5,28.9,14.9,200.9,7.8,73.4,89.6,13.8,25.9,28.7,80.1,22.1,27.3,21.7,7.3,,,
1258,7.1,52,39.1,213.3,21.8,82.9,75.3,9.1,31.9,31.8,80.2,37.4,31.6,26,9.7,,,
947.1,6.7,26.3,18.5,261.3,3.9,72.4,71.4,14.6,20,42.1,70.3,18.3,27,24.6,10.1,,,
840.9,5.6,18.3,18,160.2,6.2,72,82.6,8.7,15.6,22.8,81.7,21.8,17.9,15,4.8,,,
852.4,5.5,16.7,17.4,128.9,8.1,55.1,49.5,14.1,20.5,22.8,78.8,23.1,22.5,35.5,5.7,,,
958,8.4,32.7,23.2,199.9,8.5,80,74.1,9.6,25.4,37.2,83.8,27.8,26.4,29.6,6.8,,,
992.3,6.4,16.4,19,253,6,72.7,67.4,15.6,32.4,29.6,83.9,26.7,26.5,21.4,6.9,,,
865.7,7.1,27.8,14.6,207.5,8.4,57.5,65,15,28.8,25.1,74.8,26.6,33.3,27.6,6.9,,,
1047.4,5.6,30.8,24.3,268.3,7.6,73.6,67.1,9,31.5,40.5,78,30.6,32.5,36.8,9.4,,,
1042.5,6.8,21.4,17.7,256.4,11.3,70.6,65.5,19,27,35.5,85.1,27.3,31.1,29.2,9.5,,,
1017.2,7.2,23.8,19.8,209.6,10.4,70.1,62,20.3,39.8,31.4,81.1,25.1,31.6,30.3,9.8,,,
938.9,7.3,33.9,18.7,123,7.8,64.7,60.9,8.5,24.6,34.6,83.2,28.5,41.6,25.4,9.9,,,
1033,5.3,27.7,23.9,197.2,10.5,78.1,76.6,9.2,20.6,34.9,78.7,24.6,34.2,23.5,10,,,
1000.6,6.4,16.3,12.5,233.5,9,66.2,97.8,13.4,19.5,30.6,77.9,25.4,30.4,25.5,10.4,,,
1115.4,6.6,35.7,23.1,248.1,13,66.9,82.9,15.2,27.9,34.7,80.4,33.5,34.1,24.3,12.3,,,
854.1,4.7,16.6,22.5,143.8,8.2,48.5,47.3,15.8,31.7,18.8,75.2,26.8,34.2,22.2,7.6,,,
1090.6,5.3,29.1,29.4,284.1,6.5,75.2,66.5,13.8,18.4,32.9,89.4,27.5,29.2,25.4,6.6,,,
1086.1,6.9,28,25.4,238.5,12,70.1,106.2,18.7,23.3,30,88.5,25.8,35.2,29.3,7.1,,,
982.6,7.3,27.7,20.2,294.5,7,69.9,46.7,18.2,34.1,33.8,82.6,26.3,36.4,28.6,7.2,,,
1013.5,7.6,18.4,26.4,235.9,6.7,69.4,52.8,14.3,29.1,34.7,85.6,20.9,34.3,34.5,7.9,,,
1118.8,7.3,22.5,23.3,264.4,8.5,76.2,68.6,17.8,31,35,82.4,31.2,34.8,33.7,8.6,,,
1028.9,8.5,22.7,18.8,234.1,6.3,85.1,80.6,13.1,31.9,36.5,81.9,32.9,27.7,27.8,9.3,,,
1052.8,10.8,20.8,26.1,234.8,7.6,84.9,50.4,12.4,27.7,32.2,79,30.4,31.9,28.1,10.5,,,
974.8,6.8,45.7,21,156.1,6.7,67.1,61.4,11.1,29,33.3,76.2,26,28.5,21.3,12.7,,,
1096.3,7.3,27.6,22.3,230.7,17.2,70.9,79.9,19.3,24.8,36.8,75,29.3,31.1,26.6,13.8,,,
1113.1,5.3,32,22.8,293.4,5.5,71.2,66.2,15.2,21.3,41.1,90.3,24.7,31.7,27.4,6.1,,,
1090.3,7.2,20.6,21.3,243.9,11.5,73.2,113.3,6.7,27.2,33.4,80.7,27.6,37,22.6,6.6,,,
1088.7,6.4,36.1,24.3,189.4,8.8,74,67.9,12.1,26.7,47.7,80.4,34,30.2,28,7,,,
1050.7,7,30.6,25.6,289.4,5.7,75.7,66.4,14.9,24.7,35.9,84.9,22,33.2,24.8,7.8,,,
922.9,8.2,33.9,20.5,144.3,11.3,51.2,50.6,21.7,39.2,32.7,74.2,24.5,34.5,25.6,8.8,,,
1036.4,7.3,35.3,21.4,138.3,8.6,72,97.4,14.7,23.6,30,80.3,27,28.4,25.8,9.1,,,
991.7,6.3,17.7,17.8,226.5,7,68.7,63.9,17.6,33.7,31.8,90.6,23.7,28.5,28.2,9.4,,,
1036.5,6.4,28.9,22.8,303.2,7.7,64.1,61.2,14.7,22.8,37.7,80.3,28.5,35.3,29.9,10.4,,,
1094.8,7.2,29.6,27.8,304.2,9,78.8,72.9,9.3,31.4,38.3,84.9,27.5,26.4,27.3,10.7,,,
1031.6,7.5,21.1,14.7,186,8,63.7,73.3,15,27.9,36.2,71.1,33.7,34.9,25.4,13.1,,,
1254.9,11.5,46.5,17,312,15.3,87.2,51.5,18.1,50.5,39,80.6,31,44.9,31.5,15.5,,,
1147.1,7.2,32.6,26.4,262,11,82.3,74.5,10,35,45.8,85.6,29.8,37.8,28.6,16.8,,,
938.2,6.8,34.5,22.8,175.8,7.1,70.7,68.7,20.5,22.8,34.8,83.5,33.4,32.2,32.5,11.6,,,
987.7,7.1,25.5,24,149.6,7,64.2,59.5,14.8,25.9,24.8,79.3,21.5,15.7,29.9,4.7,,,
930.5,7.7,27.2,16.2,191.5,6.1,71.4,58.4,12.9,33,42.9,82.7,29.4,30,24.6,11.1,,,
869.6,5.3,32.3,18.3,154.3,4.9,52.8,83,11.7,26.1,28.4,82.1,27.2,35,23.5,5.5,,,
924.2,6.8,28.3,20,167.8,6.8,57.3,76.6,22.6,30,23.6,76,24.6,27.7,21.8,8,,,
980,7.5,24.2,29.3,198.3,5.4,69.7,72.4,19.5,30.1,37.3,80,18.8,33.2,32.4,6.8,,,
928.6,6.6,24.8,25.9,225.9,8.5,62.4,52.1,13.9,21.1,21.1,71.4,27.1,31.2,21.6,9.5,,,
795.4,6,22.4,21.9,166.6,6.1,33.4,67.5,18.6,38.1,24.6,76,21.5,21.1,17.5,6.6,,,
1047,7.1,33.2,24.3,237.2,9.5,66.3,68.5,11.4,27.4,29.4,89.5,27.6,27.6,37.1,8.6,,,
949.1,6.1,23.8,16.2,181.3,6.8,49.2,83.9,22.7,33.4,26.8,76.4,30.5,27.2,22,10.4,,,
949.3,6.7,23.2,18.4,186.7,10,60.1,97.2,14.7,20,29.9,87.2,26.5,32.7,32.2,4.9,,,
995.5,8,31.1,28.9,223.4,4.6,83.8,60.5,12.4,24.9,38.3,82.9,30.1,30.3,32.4,9.8,,,
1138.6,9.3,29.9,19,279.3,5.8,91.4,67.7,14.8,27.3,30.5,85.2,32.4,28.6,38.9,11,,,
1036.5,8.2,25.3,24.3,219.7,9.9,79.8,67.2,16.3,36.6,41.6,76.9,31.9,24.6,29.2,11.8,,,
1070.5,7.5,25.4,18.5,287.9,7.1,73.6,65.2,18,29.1,35.7,77.1,23.4,38.4,37.9,13.2,,,
961.4,5.3,27.8,21.7,235,3,64.6,72.1,16.5,30.9,26.7,72.7,25.6,24.3,29.9,5.6,,,
932,4.2,25.5,17.2,183.7,3.7,61.5,58.5,13.5,19.7,21.5,78.8,20.8,24.2,21.6,5.8,,,
908.8,5.6,27.6,16.2,223.8,3.6,55.3,72,13.7,22.3,25.1,84.3,21.7,24.2,26.4,5.8,,,
890.1,5.3,25,17.7,171.8,3.6,64.4,64.1,11,26.1,29.8,80.9,28.9,30.2,25.7,6,,,
964.9,5.5,28,22.7,189.6,6.1,60.4,77.3,14.6,24.8,22.6,71.6,24,27.5,29.1,7.1,,,
878.7,6.3,26.5,21.2,221.4,2.5,51.2,62,10.9,19.1,25.1,77.7,24.6,18.3,28.8,7.2,,,
985,6.4,23.5,17.7,224.6,3.1,69.4,79.4,13.5,24.4,26.5,70.8,23.8,18.7,22.5,7.5,,,
907.9,7,21.1,15.4,161.4,4,61.8,74.9,13.8,17.2,23.7,77.9,24.2,24.1,23.5,7.5,,,
1032.9,6.1,22.5,18,255.6,6.1,72.6,98.9,13.5,25.6,32.8,65.4,28.1,22.6,24.6,7.8,,,
823.2,4.9,19.3,21.6,137.9,4.1,59.2,65.1,11.2,18,20,80.6,27.2,24.1,23.4,7.9,,,
861.9,5.4,22.4,20.8,190.1,2.4,50.6,66.9,11,13.9,25.7,78.8,26.1,30,20.8,9,,,
865.2,5.3,25,22.9,146,2.3,59.2,47.5,9.2,15,21.9,78.7,23.3,23.3,19.2,4.8,,,
909.2,6.9,28,24.6,179,2.8,76.1,66.7,7.1,19.4,21.9,81.3,25,25.1,21,5.2,,,
819.6,3.6,28.5,15.8,162,2,49.5,59.2,8.2,13.8,12.7,74.7,20.2,22.7,17.6,5.6,,,
815.4,4.8,24.2,18.6,161.6,4.2,56.7,48.2,11.1,18.5,22.2,78.9,24.5,17.7,20.6,5.6,,,
838.3,4.9,26,16.8,148.2,2.2,66.2,62.2,11,18.5,20.7,77.3,20.6,21.1,19.7,5.7,,,
865.2,5,26,26,188.1,2.8,68.4,61.4,8.5,9.3,20.4,70.3,22.4,27.1,20.2,5.7,,,
878.4,5.8,18.7,25.9,208,3.6,57,57.9,11.1,15.7,21.8,73,25.6,25.1,21.1,6.1,,,
967,6.8,21.6,20.9,215.2,4.7,75.7,66.9,13.1,20.9,27.1,78.7,26.5,26.3,28.6,6.5,,,
983.1,7,25.1,21.4,148.5,4.2,72.3,64.9,11.9,25.2,28.7,78.3,23.1,22.1,27.6,6.6,,,
802.9,6.5,21.7,19,195.1,2.7,52.3,40.5,8.3,20.4,26.3,69.4,24.5,24.8,19.3,6.7,,,
1016.2,5.9,27.3,15.3,172.7,6.7,64.6,65.5,14,24.7,23.8,85.6,24.8,17.9,20.2,7.3,,,
938.5,5.7,29.4,22.9,164.9,4.7,65.3,60.6,14.7,20.9,19.5,79.1,25.8,20.4,21.6,7.5,,,
1035.3,6.7,28.8,22.5,216.3,4.8,75.6,61,13.4,20.1,29.6,85.4,24.6,26.6,26.2,8,,,
783.9,4.6,26.5,18.9,174.8,5.8,47.3,61.2,11.4,17,24.1,82.5,18.5,23.8,20.2,5.8,,,
915.6,6.3,24.6,18.2,174.5,7.4,51.2,61.7,21.6,29.7,20.9,79.3,15.1,23.5,25.6,4.8,,,
1000.8,5.9,31.1,24.7,195.8,8.6,56.2,85.3,12.7,23.7,32.6,84.4,26.4,27.3,24.3,7.4,,,
921.6,7.9,16.7,22.5,186.2,8.3,70.7,78,13.8,26.4,32.2,79.4,28.1,35.5,22.1,9.3,,,
994.8,6.1,20.5,28.1,241.1,8.1,75.6,50.3,12.1,18,31.3,70.5,26.4,29,25.1,9.7,,,
995.1,6.8,35.1,25.9,156.4,10.7,61.1,67.9,13.1,26.4,31.8,77.7,32,42.4,21.5,11.7,,,
938.8,6.1,27.1,28.4,246.2,7.5,55.4,71.9,16.1,17.7,23.8,81.2,23.6,24.1,24.8,7,,,
1121.7,6.6,29.2,21.1,267,6.9,72.9,86.8,19.4,31.2,38.2,77.4,28.6,36.6,34.9,7.3,,,
832.5,7,16.1,21.1,234.1,4.8,55.5,52.2,17.5,24.7,28.5,71.8,28.7,34.4,24.9,7.5,,,
935.6,6.9,25.5,15.6,197.8,6.4,73.2,61.7,10.1,25.4,34.3,78.5,25.5,29.8,30.1,7.5,,,
1026,7.3,34.1,22.5,225,5.1,83,75.4,14,27.2,32.7,83.4,30.5,29.7,30.6,8,,,
1101.8,6.6,25,19.3,304.8,8.8,65.2,73.7,15,28,33.1,76.5,29.4,38.9,32.8,9.9,,,
974.1,5.5,25.3,17.4,227,5.5,78.2,64.4,17.3,33.4,34.9,75.7,25.5,36.4,23.9,10.1,,,
916,6.1,21.1,15.8,271.5,10.2,47.1,60,14.1,26,26.4,80.8,22.4,18.6,25.1,5.3,,,
743.4,6.5,13.4,16.3,99.3,14.9,25.4,39,13.5,44.3,21,72.1,17.7,21.1,20.3,5.8,,,
662.7,4.3,17,9.3,107.7,5.4,36.5,46.6,10.3,13.1,36.9,66.8,20,20.4,18.1,7,,,
1164.4,7.8,21.6,25.7,287.2,13.3,82.4,68.4,19.4,34.6,35.9,85.5,29.9,33.9,24,7.2,,,
1040.5,4.8,23.5,26.4,211.2,8.5,59.4,72.3,12.9,21.9,34.8,82.7,28,28.1,21,8.9,,,
836.3,7.1,18.6,20.9,131.2,9.9,32.5,51.2,24.7,34.3,23.4,76.1,20.2,26.5,20.3,9,,,
1000.6,9.5,17,29.6,198.1,8.5,62.6,64.2,15.6,21.5,33.9,79.6,26.7,37.3,25.8,9.9,,,
868.2,6.5,17.5,25.8,149.6,6.1,37.1,54.7,13.9,24.1,25.8,79.4,23.8,24.9,16.1,10.9,,,
1096.8,8,21.4,13.4,231.1,10.4,74.4,81.2,18.6,34.4,32.7,84.4,27.6,32,24.7,11.1,,,
1136.4,7.8,37.2,19.4,261.6,9.1,65.3,104.8,17.6,35.2,37.9,83.5,33.8,21,22.8,11.3,,,
1013.7,7.7,22.5,21.9,162.5,13,66.2,73.9,8.3,24.4,28.5,83.6,32.8,30.2,29.2,11.9,,,
1069.8,6.3,32.4,19.8,193,7.4,74.4,62.7,8.7,23.4,38.1,86.9,33.1,33.9,28.4,5.6,,,
1125.3,5.8,16.8,29,217.7,8.1,72,77,17.5,35.3,41.9,86.7,24.8,34.8,27.5,7.4,,,
992.4,7.3,29.5,27.4,248,5.9,79.8,62.2,12.7,17,40.6,83.3,32.6,28.1,27.2,8.3,,,
979.7,5.6,23.5,17,223.2,5.8,49.3,86.6,10.6,30.5,31.3,82.5,28.8,32.4,22.3,8.4,,,
1147.6,6.3,40.7,29.4,210.8,7.4,76.7,84.5,12,20.6,29.3,88,27.1,36,27.8,8.4,,,
997,7.5,32.2,21.5,227.8,5.1,62.3,70.7,11.8,32.3,33.2,83.9,26.1,30.6,25.8,8.9,,,
1104.3,9.4,31.3,23.9,216.7,9.7,95.1,76.5,13.4,31.9,37.7,87.4,31,30.9,35.5,9,,,
1010,7.9,26.1,21.3,201.2,6.1,74.3,56.5,9.7,30.7,29.7,83.2,28.1,29.7,31,9.1,,,
1043,7.8,24.9,20.3,213.4,10.1,63.5,72.9,8,24.3,41.1,84.1,35.2,35.6,27.1,9.6,,,
882.3,6.4,18.9,24.9,150.4,6,68.8,71.4,15.1,13.1,34,80.5,31,27.5,28.1,9.7,,,
1026.4,8,19.1,19.7,254.7,5.6,92.1,88.1,16.5,27.1,33.1,84.8,27.7,36.5,26.8,10.2,,,
1184.9,6,36.2,37.4,269.5,13.8,77.6,57.5,7.4,19.1,31.3,82.8,34,35.6,21.9,10.4,,,
1206.1,9,17.7,19.8,170.7,14.4,85.3,103.2,9.1,32.5,38.7,80.6,31,25.1,34.9,10.4,,,
971,6.6,24.7,23.6,143,13.1,64.5,118.7,10.1,37.8,33.6,81.1,23.5,34.6,26.6,10.7,,,
1235.8,7,25.2,30.3,176,17.6,95.5,63.8,8.4,29.2,43.3,80.4,35.4,36.8,35.7,10.9,,,
1154.8,7,24.5,32.8,326.7,20,66.2,90.1,10.5,21.5,49.5,86.3,30.7,39.6,25.5,11.9,,,
853.1,5.1,33.4,24.4,91.6,5.6,47.2,73.2,7.8,25.4,24.1,83.6,25.2,24.9,19.5,5.8,,,
936.2,5.8,22,13.6,116.1,8,56.9,68.7,7.7,31.7,24.4,82,21.9,21.3,20,6,,,
933.9,5.2,23.7,18.3,106.5,4.5,49.5,83.1,11.9,21.1,24.9,80.2,26.4,27.8,22.3,7.9,,,
1172.1,7.6,39.1,22.6,184.8,12.7,81.8,81.6,10.8,24.4,36.9,82.7,28,28.7,25.5,8.5,,,
1000.8,9.5,23.3,27.8,224.4,5.9,76.5,72.9,11.6,32.9,32.6,83.4,31.1,38.6,27.7,9.1,,,
968.7,6.5,29.5,20.1,176.3,9.1,56.7,72.9,12,20.9,33.3,79.8,30.3,28.8,17.5,9.7,,,
1143.8,10.7,26.6,18.6,251.7,8.4,93.7,66.9,18.1,36.8,39.8,79.2,30.6,41.5,35.6,11,,,
1241.2,6.7,29.5,22.3,262.9,15.4,84.1,75.5,12.8,27.1,29.1,83,30,33.6,25,11.5,,,
1121.1,6.3,32.7,25.7,223.6,11.1,66.6,99.2,7.7,25.8,31.7,77.2,34.9,44.6,25.9,11.5,,,
1164.5,9.7,31.3,24,279.4,8,94.2,60.6,13.3,52.6,41.3,80.3,32.4,23.9,36.1,11.5,,,
1080.1,7.2,30.5,27.6,207.1,10.4,65.3,79.5,12.2,30.2,30.1,80.5,28.2,47.1,25.3,12.2,,,
1235.9,10.9,27.6,31,270.2,6.3,86.3,63.3,12.8,37.1,34.3,82.9,38.7,41.7,31.9,12.5,,,
1047.3,8.4,34.9,21.7,291.1,12.7,56.2,58.3,12.2,21.6,30.8,84.3,33.5,37.7,29.1,13.8,,,
836.8,4.6,30,19,134.8,5.3,45.7,51.5,11.2,31.6,27.5,80.6,23,21.4,24.4,5.9,,,
1037.1,6.2,32.9,24.6,271.8,7.6,67.9,74.2,16.2,29.9,39.5,85,22.5,32.4,27.7,7.7,,,
991.8,7.9,19.6,25.2,256.1,6.7,85.3,87.4,12.3,19.5,31.6,81,25.5,21,27.9,8.9,,,
964.2,6.1,27.9,28.7,201,6.1,58.3,64.5,14.6,18.8,34.2,88.9,27.9,32.4,25.5,6.9,,,
1119.2,9.9,32.8,16.9,280.9,6.7,78,66,18,35.6,36.4,76.5,25.1,33.8,33.3,10.6,,,
881.5,6.3,18.3,18.4,179.1,4.8,57.5,65.6,17.9,26.3,30.3,72.4,20.7,28.1,28.4,7.6,,,
1034.6,7,26,20,178.9,5,51,56.9,15.1,33.5,31.4,86.1,34.3,33.9,24,9.9,,,
857.7,7.1,25.4,21.2,165,8.3,52.7,73.9,8.1,21.5,29.1,85.5,25.1,29.8,31.6,13.4,,,
983.4,5.1,15.9,22.6,175.6,7.9,29,71.2,20.5,33.2,19.3,83.9,18.2,19,17.5,5.5,,,
1090.8,8,34.7,27.5,226.9,7.9,75.3,72.1,16.2,28.4,41,81.8,26.8,35.4,40.3,7.6,,,
1076.7,8.2,31,20.1,276.2,8.7,75.2,106.8,13.5,22.9,35,88.8,30.2,28.9,29.7,7.7,,,
1212.5,8.3,25.1,27.6,276.7,6.5,119.3,55.1,15.3,47.8,36.6,81.6,29.2,30.6,33.2,7.7,,,
1074.6,7,29.7,22,203.1,10.7,61,90.4,14,30.7,30.6,76,28.8,31.7,23.5,6.6,,,
1142.9,8.7,36.4,19,292.4,7,95.7,78.3,14.1,34.4,40.8,85.7,27.3,33.8,35.9,8.1,,,
1154,8.9,32.7,17.5,245.7,14.3,77.8,88.5,13.3,27.8,39.7,82.8,31.3,45.6,30.2,9.4,,,
1058.1,6.1,30.4,24.3,294.6,9.9,55,68,13.5,35,33.5,85.8,23.3,31,29.6,13.9,,,
1076.5,4.1,28.6,17.9,232.6,9.2,74.6,64.9,9.2,33.9,33.2,84.4,32.8,29.1,19.7,8.3,,,
1039.4,7.8,40.3,24.3,268.6,5.1,90.4,47.5,14.2,31.9,35.7,82.5,26.4,31.6,40.8,8.5,,,
989.6,8.6,22.8,19.6,301.9,9.6,63.2,50.4,21.1,31.6,40.5,85.8,26.1,43.8,35.6,9.3,,,
1051.6,7.9,21.9,21.9,191.2,7.6,78.4,80.5,14.5,32,36.6,83.9,18.7,26.8,35.7,6.4,,,
974.5,8.6,23.6,21.2,213.6,6.5,78.9,70.2,15.9,33.2,42.4,85.2,27.5,30.5,29.6,7.4,,,
923.1,8.1,17.1,21.4,177.3,6.8,77.7,68.3,11.7,30.5,38.8,77.4,27.3,38.5,32,8.5,,,
844.2,7.4,25.4,16.3,222,10.7,37.7,43,25.6,22.4,35.9,81,25.3,31.7,22.3,9.3,,,
1062.8,7.5,34.5,18.8,266,7.3,66.1,55,17.3,35.3,35.9,81.4,22.3,32.5,29.6,7.6,,,
1023.1,5.7,17.7,19.6,226.5,12.3,69.2,68,19.7,20.5,42.4,79.1,25.1,19.3,26.1,8.2,,,
1125.7,5.5,26.5,19.4,299.1,7.6,65.2,80.7,9.2,28.8,41.6,87.6,32.3,36.8,30.1,8.9,,,
1006.7,6,24.9,20.8,212.6,8,73.5,76.4,13.8,25.5,31.9,89.2,25.2,37,27.1,11.7,,,
764.8,5.5,25.9,13.9,114.8,7.2,33.1,54.9,19.2,32.5,14.8,71,16.5,17.2,19.6,4.2,,,
865.3,6.3,18.3,25.7,113.6,4.8,54.9,37.6,21.4,23.5,25.4,85.4,23.2,23.3,26.5,5,,,
895.2,8.1,13.8,19.2,169.6,18.5,26.5,39.7,27.1,38.3,26.7,81.8,21.5,19.1,26.5,7,,,
943.8,5.3,18.8,11.4,121.8,16.4,16.7,42.1,22.2,45.3,22.6,64.6,24.6,18.4,14.3,7.5,,,
914.1,6.8,16.3,19.9,157.6,12.6,31.8,42.8,28.1,73.8,28.3,78.9,19.7,16.8,25.4,7.7,,,
902.5,6.6,15.8,16.1,123.4,9.9,37.9,47.9,19.8,33.8,28.3,82.9,26.6,17.5,23.7,10.5,,,
927.2,6.4,35,18.3,182.7,7.5,67.1,46.3,27.6,25.4,20.9,79.3,22.1,18.2,24.1,5.8,,,
929.3,5.7,25.2,20.8,171,5.6,56.4,67.4,21.7,19.4,21.6,79,20.9,29,28,5.9,,,
947.5,6.4,28.4,25.3,216.7,6.1,48.1,51.9,27.9,29.1,24.6,80.6,25.2,31.6,25.6,6.2,,,
1119.6,5.8,25.9,18.7,129.8,10.2,64.4,63.9,15.7,46.2,29.9,80.4,32.6,24.7,30.7,9.4,,,
1092,6.6,33,22.4,157.9,8.3,63.7,73.7,17.7,40.4,30.4,79.1,29.9,27.2,35.3,10.2,,,
879,7.8,35.1,23.8,152.7,10.1,44.7,52.8,23.1,42.4,27.8,77.8,19.8,27,25.4,10.4,,,
1072.2,6.5,20.8,29,209.9,20.2,59.7,59.6,18.4,60.3,32.3,73.7,30.9,28.8,33.6,13.8,,,
745,5.7,27.3,14.9,140.1,6.2,33.9,43.3,33.3,28.6,22.8,77.3,15.6,30.5,22.8,6.7,,,
